{"type":"FeatureCollection", "features": [
{"type":"Feature","geometry":{"type":"Polygon","coordinates":[[[-79.50783,43.71776],[-79.50797,43.7184],[-79.50863,43.72092],[-79.50898,43.72236],[-79.51071,43.7293],[-79.51128,43.73182],[-79.51225,43.73593],[-79.51322,43.73939],[-79.51237,43.73954],[-79.51131,43.73945],[-79.51038,43.73953],[-79.50968,43.73967],[-79.50689,43.74032],[-79.5034,43.74108],[-79.49702,43.74252],[-79.49732,43.7429],[-79.49722,43.74333],[-79.4974,43.74349],[-79.49788,43.7436],[-79.49785,43.74462],[-79.49806,43.74526],[-79.49796,43.74591],[-79.49848,43.74617],[-79.49963,43.74654],[-79.50048,43.74669],[-79.50193,43.74712],[-79.5021,43.7473],[-79.50221,43.74767],[-79.50295,43.748],[-79.50345,43.74813],[-79.50386,43.74863],[-79.50474,43.74915],[-79.50306,43.74931],[-79.50132,43.74968],[-79.49777,43.75049],[-79.49713,43.75069],[-79.49663,43.75095],[-79.49566,43.75168],[-79.49491,43.75218],[-79.49389,43.75258],[-79.4924,43.75292],[-79.49173,43.75302],[-79.49111,43.75293],[-79.49063,43.75274],[-79.48947,43.75183],[-79.48817,43.75202],[-79.48876,43.75451],[-79.48949,43.75745],[-79.48998,43.75933],[-79.49008,43.75983],[-79.49105,43.7635],[-79.49166,43.76572],[-79.49205,43.76731],[-79.49396,43.77482],[-79.49457,43.77742],[-79.49469,43.77814],[-79.49468,43.77871],[-79.49437,43.77988],[-79.4943,43.7805],[-79.49451,43.78158],[-79.50434,43.77924],[-79.51109,43.77772],[-79.51701,43.77636],[-79.51901,43.77598],[-79.51994,43.77586],[-79.52162,43.7755],[-79.5223,43.77528],[-79.52345,43.77499],[-79.52683,43.7743],[-79.53178,43.77331],[-79.53331,43.77297],[-79.53508,43.77264],[-79.53796,43.77206],[-79.54653,43.77028],[-79.5496,43.76967],[-79.5522,43.76912],[-79.55499,43.76857],[-79.56478,43.76655],[-79.56902,43.76562],[-79.571,43.76519],[-79.57487,43.76434],[-79.57548,43.76418],[-79.577,43.76386],[-79.57754,43.7637],[-79.58064,43.76302],[-79.57953,43.76227],[-79.57925,43.76221],[-79.57866,43.76227],[-79.57816,43.7624],[-79.57779,43.76241],[-79.57753,43.76213],[-79.57821,43.76179],[-79.57893,43.76132],[-79.57933,43.76084],[-79.57974,43.76065],[-79.58019,43.76056],[-79.58062,43.76036],[-79.58078,43.75979],[-79.58057,43.75924],[-79.58077,43.75893],[-79.58121,43.75873],[-79.5818,43.75858],[-79.58271,43.75852],[-79.58326,43.7587],[-79.58382,43.7587],[-79.584,43.75856],[-79.58407,43.7582],[-79.58382,43.75761],[-79.58402,43.75729],[-79.58499,43.7571],[-79.5852,43.75673],[-79.58521,43.7565],[-79.58499,43.7561],[-79.58459,43.75582],[-79.58416,43.75524],[-79.58429,43.75481],[-79.58413,43.7544],[-79.58394,43.7542],[-79.58334,43.75391],[-79.58313,43.75372],[-79.58315,43.75299],[-79.5831,43.75275],[-79.58255,43.7524],[-79.58,43.75157],[-79.5792,43.75096],[-79.57827,43.75048],[-79.57711,43.75019],[-79.57552,43.75003],[-79.57441,43.75016],[-79.57362,43.75034],[-79.57327,43.75036],[-79.57297,43.7502],[-79.57269,43.74971],[-79.57313,43.74865],[-79.57334,43.748],[-79.5733,43.74742],[-79.57285,43.74696],[-79.57247,43.74684],[-79.57127,43.7468],[-79.5694,43.74639],[-79.56764,43.74607],[-79.56612,43.74585],[-79.56522,43.74568],[-79.56398,43.74526],[-79.5634,43.7448],[-79.56235,43.74431],[-79.56217,43.74407],[-79.56224,43.74376],[-79.56245,43.74345],[-79.56246,43.74314],[-79.56229,43.74285],[-79.5619,43.7427],[-79.56049,43.74262],[-79.55976,43.7425],[-79.55943,43.74262],[-79.55928,43.74297],[-79.55876,43.74292],[-79.55807,43.7425],[-79.55785,43.74213],[-79.55834,43.74184],[-79.55838,43.74146],[-79.55817,43.74117],[-79.55783,43.74096],[-79.55746,43.74101],[-79.55682,43.74138],[-79.55698,43.74226],[-79.55674,43.74286],[-79.55646,43.7431],[-79.55603,43.74321],[-79.55437,43.74322],[-79.55295,43.74359],[-79.55225,43.74387],[-79.55194,43.74406],[-79.55121,43.74424],[-79.55037,43.74408],[-79.55001,43.74386],[-79.54984,43.74359],[-79.54994,43.74294],[-79.55041,43.74254],[-79.55039,43.74234],[-79.54999,43.74228],[-79.54949,43.74253],[-79.5492,43.74233],[-79.54935,43.74195],[-79.54913,43.74176],[-79.54878,43.7417],[-79.548,43.7418],[-79.54761,43.74173],[-79.5464,43.74095],[-79.54618,43.74069],[-79.5461,43.74036],[-79.54618,43.74005],[-79.54643,43.73979],[-79.54784,43.73906],[-79.54822,43.73898],[-79.54836,43.73849],[-79.54887,43.73802],[-79.54927,43.73792],[-79.54988,43.73797],[-79.55009,43.7375],[-79.55005,43.73719],[-79.55045,43.73669],[-79.55056,43.7364],[-79.55046,43.736],[-79.55029,43.73587],[-79.54916,43.73593],[-79.54912,43.73571],[-79.54964,43.73528],[-79.55048,43.7348],[-79.55056,43.73461],[-79.55044,43.73424],[-79.5505,43.73395],[-79.55036,43.73353],[-79.55001,43.7333],[-79.54919,43.7331],[-79.54887,43.73283],[-79.54781,43.73239],[-79.54756,43.73195],[-79.54677,43.73156],[-79.54632,43.73144],[-79.5455,43.73153],[-79.54512,43.73215],[-79.5448,43.73236],[-79.54441,43.73238],[-79.54408,43.73227],[-79.54384,43.73178],[-79.54401,43.73154],[-79.54486,43.73102],[-79.54483,43.7308],[-79.54424,43.73037],[-79.5436,43.73004],[-79.54322,43.72992],[-79.54115,43.72959],[-79.54082,43.72958],[-79.54015,43.72978],[-79.53995,43.72996],[-79.53928,43.73088],[-79.53924,43.73112],[-79.53949,43.73195],[-79.53924,43.73208],[-79.53863,43.73193],[-79.53842,43.73162],[-79.5385,43.73112],[-79.53862,43.72984],[-79.53886,43.72926],[-79.53853,43.72829],[-79.53823,43.72726],[-79.53828,43.72691],[-79.53848,43.72664],[-79.53881,43.72645],[-79.53961,43.72623],[-79.54047,43.72623],[-79.54087,43.72613],[-79.54114,43.72592],[-79.5413,43.72563],[-79.54127,43.72493],[-79.54097,43.72423],[-79.54076,43.72391],[-79.54072,43.72261],[-79.54079,43.72227],[-79.54123,43.72168],[-79.54227,43.72097],[-79.5428,43.72036],[-79.54304,43.71976],[-79.54404,43.71803],[-79.54408,43.7177],[-79.54365,43.71715],[-79.54326,43.71694],[-79.54244,43.71677],[-79.5413,43.71686],[-79.54092,43.71674],[-79.54069,43.71654],[-79.54062,43.71619],[-79.54077,43.71563],[-79.54074,43.71536],[-79.54026,43.71506],[-79.53944,43.71493],[-79.5386,43.71473],[-79.53821,43.71458],[-79.53801,43.71431],[-79.53785,43.71371],[-79.53784,43.71299],[-79.53221,43.71433],[-79.52684,43.71554],[-79.52471,43.71591],[-79.5231,43.71609],[-79.52046,43.71636],[-79.51563,43.71687],[-79.50783,43.71776]]]},"properties":{"ward":7,"name":"Humber River-Black Creek"}},
{"type":"Feature","geometry":{"type":"Polygon","coordinates":[[[-79.44043,43.7634],[-79.44093,43.76546],[-79.44145,43.7677],[-79.4417,43.76857],[-79.44261,43.77232],[-79.44358,43.77606],[-79.44463,43.78021],[-79.44555,43.78393],[-79.44666,43.78826],[-79.44667,43.78872],[-79.44657,43.78902],[-79.44611,43.78969],[-79.44578,43.79006],[-79.44544,43.79057],[-79.44538,43.79093],[-79.44545,43.79131],[-79.44576,43.79241],[-79.44759,43.79201],[-79.45303,43.79081],[-79.45581,43.79022],[-79.45764,43.78985],[-79.46319,43.78865],[-79.46591,43.78812],[-79.47009,43.78728],[-79.48106,43.7847],[-79.48731,43.78322],[-79.49451,43.78158],[-79.4943,43.7805],[-79.49437,43.77988],[-79.49468,43.77871],[-79.49469,43.77814],[-79.49457,43.77742],[-79.49396,43.77482],[-79.49205,43.76731],[-79.49166,43.76572],[-79.49105,43.7635],[-79.49008,43.75983],[-79.48998,43.75933],[-79.48949,43.75745],[-79.48876,43.75451],[-79.48817,43.75202],[-79.48947,43.75183],[-79.49063,43.75274],[-79.49111,43.75293],[-79.49173,43.75302],[-79.4924,43.75292],[-79.49389,43.75258],[-79.49491,43.75218],[-79.49566,43.75168],[-79.49663,43.75095],[-79.49713,43.75069],[-79.49777,43.75049],[-79.50132,43.74968],[-79.50306,43.74931],[-79.50474,43.74915],[-79.50386,43.74863],[-79.50345,43.74813],[-79.50295,43.748],[-79.50221,43.74767],[-79.5021,43.7473],[-79.50193,43.74712],[-79.50048,43.74669],[-79.49963,43.74654],[-79.49848,43.74617],[-79.49796,43.74591],[-79.49806,43.74526],[-79.49785,43.74462],[-79.49788,43.7436],[-79.4974,43.74349],[-79.49722,43.74333],[-79.49732,43.7429],[-79.49702,43.74252],[-79.5034,43.74108],[-79.50689,43.74032],[-79.50968,43.73967],[-79.51038,43.73953],[-79.51131,43.73945],[-79.51237,43.73954],[-79.51322,43.73939],[-79.51225,43.73593],[-79.51128,43.73182],[-79.51071,43.7293],[-79.50898,43.72236],[-79.50863,43.72092],[-79.50797,43.7184],[-79.50783,43.71776],[-79.50385,43.71822],[-79.50208,43.71841],[-79.49978,43.7188],[-79.49141,43.72029],[-79.48941,43.72073],[-79.48829,43.72103],[-79.48511,43.7218],[-79.47257,43.72487],[-79.47004,43.72547],[-79.46615,43.72628],[-79.46268,43.72703],[-79.45789,43.72807],[-79.4567,43.72832],[-79.44928,43.72993],[-79.44371,43.73112],[-79.44238,43.73149],[-79.44136,43.73187],[-79.43992,43.73253],[-79.43626,43.73465],[-79.43105,43.7377],[-79.42666,43.74031],[-79.42372,43.74217],[-79.41986,43.74465],[-79.41825,43.74574],[-79.41765,43.74624],[-79.4168,43.74721],[-79.41538,43.74887],[-79.41464,43.74956],[-79.41414,43.74993],[-79.41145,43.75165],[-79.41173,43.75179],[-79.41213,43.75178],[-79.41339,43.75156],[-79.41419,43.75156],[-79.41495,43.75194],[-79.41524,43.75198],[-79.41569,43.75175],[-79.41594,43.75141],[-79.41618,43.75058],[-79.41651,43.75032],[-79.41764,43.74982],[-79.41815,43.74972],[-79.41926,43.74968],[-79.42013,43.74931],[-79.42071,43.74931],[-79.42229,43.74961],[-79.42258,43.74987],[-79.42281,43.75049],[-79.42308,43.75092],[-79.42347,43.75131],[-79.42439,43.752],[-79.42608,43.75318],[-79.42723,43.75382],[-79.42806,43.75413],[-79.42824,43.75433],[-79.4284,43.75476],[-79.42847,43.75521],[-79.42867,43.75559],[-79.42923,43.75613],[-79.43011,43.75738],[-79.43031,43.75752],[-79.4308,43.75757],[-79.43249,43.75723],[-79.43298,43.75719],[-79.43348,43.75734],[-79.43369,43.75754],[-79.43369,43.75795],[-79.43461,43.75827],[-79.43526,43.75886],[-79.43623,43.75909],[-79.43686,43.75912],[-79.4374,43.75899],[-79.43771,43.75903],[-79.43814,43.7594],[-79.43797,43.75983],[-79.43761,43.7602],[-79.43784,43.76064],[-79.43833,43.76071],[-79.43874,43.76132],[-79.43934,43.76155],[-79.43998,43.76156],[-79.44043,43.7634]]]},"properties":{"ward":6,"name":"York Centre"}},
{"type":"Feature","geometry":{"type":"Polygon","coordinates":[[[-79.40839,43.75362],[-79.40567,43.75532],[-79.40329,43.75684],[-79.39867,43.75972],[-79.39772,43.76023],[-79.39629,43.76089],[-79.39518,43.76133],[-79.39332,43.76193],[-79.39213,43.76224],[-79.38715,43.76331],[-79.38759,43.76482],[-79.38806,43.76659],[-79.38842,43.76819],[-79.38858,43.76906],[-79.38919,43.77165],[-79.38939,43.77255],[-79.38958,43.77348],[-79.38978,43.77433],[-79.39047,43.77741],[-79.39121,43.78063],[-79.39211,43.78476],[-79.39268,43.78771],[-79.39299,43.78923],[-79.3936,43.7923],[-79.39423,43.79513],[-79.39488,43.79793],[-79.39538,43.79995],[-79.39581,43.80187],[-79.39606,43.80281],[-79.39623,43.80327],[-79.40089,43.80225],[-79.40625,43.80106],[-79.40926,43.8004],[-79.41709,43.79867],[-79.41973,43.7981],[-79.42008,43.798],[-79.42316,43.79734],[-79.42638,43.79662],[-79.42927,43.79601],[-79.43656,43.79441],[-79.43895,43.79392],[-79.44106,43.79345],[-79.44335,43.79296],[-79.44576,43.79241],[-79.44545,43.79131],[-79.44538,43.79093],[-79.44544,43.79057],[-79.44578,43.79006],[-79.44611,43.78969],[-79.44657,43.78902],[-79.44667,43.78872],[-79.44666,43.78826],[-79.44555,43.78393],[-79.44463,43.78021],[-79.44358,43.77606],[-79.44261,43.77232],[-79.4417,43.76857],[-79.44145,43.7677],[-79.44093,43.76546],[-79.44043,43.7634],[-79.43998,43.76156],[-79.43934,43.76155],[-79.43874,43.76132],[-79.43833,43.76071],[-79.43784,43.76064],[-79.43761,43.7602],[-79.43797,43.75983],[-79.43814,43.7594],[-79.43771,43.75903],[-79.4374,43.75899],[-79.43686,43.75912],[-79.43623,43.75909],[-79.43526,43.75886],[-79.43461,43.75827],[-79.43369,43.75795],[-79.43369,43.75754],[-79.43348,43.75734],[-79.43298,43.75719],[-79.43249,43.75723],[-79.4308,43.75757],[-79.43031,43.75752],[-79.43011,43.75738],[-79.42923,43.75613],[-79.42867,43.75559],[-79.42847,43.75521],[-79.4284,43.75476],[-79.42824,43.75433],[-79.42806,43.75413],[-79.42723,43.75382],[-79.42608,43.75318],[-79.42439,43.752],[-79.42347,43.75131],[-79.42308,43.75092],[-79.42281,43.75049],[-79.42258,43.74987],[-79.42229,43.74961],[-79.42071,43.74931],[-79.42013,43.74931],[-79.41926,43.74968],[-79.41815,43.74972],[-79.41764,43.74982],[-79.41651,43.75032],[-79.41618,43.75058],[-79.41594,43.75141],[-79.41569,43.75175],[-79.41524,43.75198],[-79.41495,43.75194],[-79.41419,43.75156],[-79.41339,43.75156],[-79.41213,43.75178],[-79.41173,43.75179],[-79.41145,43.75165],[-79.40839,43.75362]]]},"properties":{"ward":18,"name":"Willowdale"}},
{"type":"Feature","geometry":{"type":"Polygon","coordinates":[[[-79.38485,43.69403],[-79.38912,43.6931],[-79.38888,43.69256],[-79.38907,43.69252],[-79.38874,43.69172],[-79.38955,43.69159],[-79.39092,43.6913],[-79.39079,43.69099],[-79.39058,43.69106],[-79.39007,43.69058],[-79.38998,43.69008],[-79.38978,43.68978],[-79.38945,43.68958],[-79.38872,43.68896],[-79.38822,43.68864],[-79.3875,43.68841],[-79.38727,43.68827],[-79.38704,43.68786],[-79.38665,43.6877],[-79.38835,43.68733],[-79.38845,43.68729],[-79.39073,43.68679],[-79.39026,43.68559],[-79.39285,43.68503],[-79.39156,43.68197],[-79.39119,43.68108],[-79.39322,43.68017],[-79.39844,43.67777],[-79.40028,43.67705],[-79.40158,43.67667],[-79.40314,43.6763],[-79.40497,43.67592],[-79.40733,43.67543],[-79.41467,43.67391],[-79.41675,43.67347],[-79.42182,43.67242],[-79.4294,43.67097],[-79.42757,43.66652],[-79.42566,43.66198],[-79.4237,43.65698],[-79.42235,43.6535],[-79.42109,43.65018],[-79.42078,43.64933],[-79.41707,43.65007],[-79.41599,43.6503],[-79.4135,43.65078],[-79.4116,43.65118],[-79.40849,43.65179],[-79.40602,43.65231],[-79.40536,43.65236],[-79.404,43.65177],[-79.40375,43.65174],[-79.40227,43.65203],[-79.40034,43.65245],[-79.39922,43.65268],[-79.39727,43.65312],[-79.39386,43.65382],[-79.39146,43.65433],[-79.39055,43.6545],[-79.39,43.65451],[-79.38873,43.6548],[-79.38831,43.65479],[-79.38377,43.65572],[-79.38093,43.65633],[-79.38137,43.65742],[-79.3828,43.66058],[-79.38311,43.66137],[-79.38585,43.66082],[-79.3861,43.66147],[-79.38613,43.66179],[-79.38638,43.66247],[-79.38678,43.66336],[-79.38772,43.66564],[-79.38887,43.6682],[-79.38865,43.66822],[-79.38616,43.66874],[-79.3856,43.66874],[-79.38433,43.66902],[-79.37991,43.66997],[-79.3796,43.67054],[-79.37937,43.67126],[-79.37947,43.67183],[-79.37685,43.67236],[-79.37715,43.67315],[-79.37654,43.67313],[-79.37551,43.67302],[-79.37442,43.67305],[-79.37361,43.67294],[-79.3704,43.67267],[-79.36992,43.67258],[-79.36913,43.67227],[-79.36853,43.67191],[-79.36776,43.67169],[-79.36622,43.67171],[-79.36587,43.67164],[-79.36171,43.67024],[-79.36126,43.67005],[-79.36049,43.67003],[-79.35971,43.67046],[-79.36013,43.67139],[-79.36053,43.67197],[-79.36157,43.67268],[-79.36205,43.67291],[-79.36258,43.67303],[-79.36295,43.67324],[-79.36304,43.67369],[-79.36288,43.6744],[-79.36299,43.67481],[-79.36339,43.67532],[-79.36433,43.67623],[-79.36496,43.67673],[-79.36483,43.67701],[-79.36411,43.67748],[-79.3636,43.67806],[-79.3636,43.67843],[-79.36373,43.6788],[-79.36443,43.67941],[-79.36611,43.68069],[-79.36634,43.68103],[-79.36637,43.6814],[-79.36617,43.68172],[-79.36583,43.68199],[-79.36465,43.68274],[-79.36425,43.68293],[-79.36339,43.68321],[-79.36278,43.68379],[-79.36209,43.68437],[-79.36185,43.68473],[-79.36165,43.68554],[-79.36173,43.68595],[-79.36238,43.6872],[-79.36253,43.68761],[-79.36256,43.68801],[-79.36237,43.68835],[-79.36217,43.68847],[-79.36246,43.68879],[-79.36279,43.68885],[-79.36306,43.6887],[-79.36323,43.68813],[-79.36358,43.68792],[-79.36374,43.68834],[-79.36376,43.68893],[-79.3636,43.68934],[-79.3632,43.68986],[-79.36231,43.69068],[-79.36199,43.69125],[-79.36194,43.69174],[-79.36211,43.69244],[-79.36258,43.693],[-79.36347,43.69349],[-79.36473,43.69381],[-79.36628,43.69409],[-79.36688,43.69435],[-79.36932,43.69214],[-79.37085,43.69063],[-79.37115,43.69069],[-79.37183,43.691],[-79.37269,43.69149],[-79.37305,43.69181],[-79.37396,43.69236],[-79.37489,43.69274],[-79.37562,43.69295],[-79.3765,43.6931],[-79.37868,43.69395],[-79.3802,43.69468],[-79.38062,43.69471],[-79.38135,43.69509],[-79.38188,43.69466],[-79.38485,43.69403]]]},"properties":{"ward":11,"name":"University-Rosedale"}},
{"type":"Feature","geometry":{"type":"Polygon","coordinates":[[[-79.29232,43.70034],[-79.29367,43.70347],[-79.29475,43.70594],[-79.29528,43.70722],[-79.29599,43.70878],[-79.29682,43.71084],[-79.29771,43.71296],[-79.30018,43.71877],[-79.30059,43.71979],[-79.30447,43.71891],[-79.30679,43.71842],[-79.31199,43.71727],[-79.31335,43.71699],[-79.3195,43.71563],[-79.32007,43.71556],[-79.31998,43.71518],[-79.32001,43.71485],[-79.32025,43.71461],[-79.32088,43.71458],[-79.32091,43.71433],[-79.32073,43.71406],[-79.3203,43.71395],[-79.3203,43.71363],[-79.32065,43.71344],[-79.32159,43.7126],[-79.32136,43.71226],[-79.32068,43.71228],[-79.32025,43.71239],[-79.31995,43.71257],[-79.31955,43.7126],[-79.31919,43.71244],[-79.31882,43.7118],[-79.31858,43.71151],[-79.31858,43.71122],[-79.31922,43.71078],[-79.32096,43.71029],[-79.32142,43.7103],[-79.32226,43.71019],[-79.32268,43.71027],[-79.32309,43.71021],[-79.32485,43.70957],[-79.32519,43.70882],[-79.32554,43.70852],[-79.32626,43.70822],[-79.32765,43.70804],[-79.32809,43.70795],[-79.32852,43.70775],[-79.32924,43.70724],[-79.33017,43.70636],[-79.33055,43.70629],[-79.33101,43.70633],[-79.33142,43.70626],[-79.33221,43.70585],[-79.33278,43.70531],[-79.3329,43.70493],[-79.33309,43.70337],[-79.33259,43.70331],[-79.33212,43.70304],[-79.33189,43.70253],[-79.33182,43.70199],[-79.33161,43.70176],[-79.3313,43.70166],[-79.33029,43.70157],[-79.32965,43.70167],[-79.32895,43.70154],[-79.32817,43.70152],[-79.32736,43.70144],[-79.3271,43.7015],[-79.32893,43.69908],[-79.3296,43.69827],[-79.32956,43.69794],[-79.32878,43.69594],[-79.32802,43.69414],[-79.3262,43.68967],[-79.3256,43.68805],[-79.32497,43.6866],[-79.32466,43.68579],[-79.32274,43.68122],[-79.32246,43.68051],[-79.32184,43.67911],[-79.3202,43.67507],[-79.31931,43.67291],[-79.31839,43.67073],[-79.31758,43.6687],[-79.31692,43.66716],[-79.31487,43.66227],[-79.31492,43.66197],[-79.31435,43.66162],[-79.31394,43.66158],[-79.31336,43.66165],[-79.3134,43.66132],[-79.31404,43.66119],[-79.31441,43.66093],[-79.31409,43.66069],[-79.31376,43.66029],[-79.31297,43.65965],[-79.31275,43.65956],[-79.31266,43.65927],[-79.31205,43.6588],[-79.3117,43.65834],[-79.31184,43.65796],[-79.31167,43.65778],[-79.31225,43.65723],[-79.31262,43.65708],[-79.31257,43.65685],[-79.31229,43.65674],[-79.31164,43.65692],[-79.31108,43.65684],[-79.31075,43.65662],[-79.31042,43.65669],[-79.31025,43.65695],[-79.31115,43.6572],[-79.31092,43.65793],[-79.31034,43.6584],[-79.30999,43.65816],[-79.3096,43.65807],[-79.30939,43.65823],[-79.30837,43.65788],[-79.3075,43.65767],[-79.30688,43.65723],[-79.30688,43.6569],[-79.3073,43.6569],[-79.30772,43.65677],[-79.30805,43.65657],[-79.30831,43.65617],[-79.30877,43.65591],[-79.30941,43.65596],[-79.31015,43.65614],[-79.31116,43.65592],[-79.31121,43.65547],[-79.31104,43.65529],[-79.31065,43.65516],[-79.31033,43.6552],[-79.31023,43.65542],[-79.30979,43.65543],[-79.30937,43.65523],[-79.30878,43.65444],[-79.30862,43.65416],[-79.30835,43.65436],[-79.30842,43.65498],[-79.30829,43.65533],[-79.30777,43.65612],[-79.3072,43.65647],[-79.30689,43.65658],[-79.30637,43.65662],[-79.30539,43.65644],[-79.30503,43.65664],[-79.30499,43.65689],[-79.30534,43.65733],[-79.30597,43.65793],[-79.30612,43.65839],[-79.30608,43.65866],[-79.30561,43.65934],[-79.30527,43.6594],[-79.30497,43.65986],[-79.30513,43.66012],[-79.30567,43.66038],[-79.30627,43.66038],[-79.30642,43.66059],[-79.30631,43.66097],[-79.30587,43.66184],[-79.30501,43.66302],[-79.30463,43.66338],[-79.30366,43.66419],[-79.30338,43.66455],[-79.30303,43.66459],[-79.30259,43.66491],[-79.30206,43.66476],[-79.30135,43.66518],[-79.30115,43.66515],[-79.30075,43.66537],[-79.30035,43.66535],[-79.2997,43.66561],[-79.29932,43.66567],[-79.29899,43.66547],[-79.2984,43.66552],[-79.29805,43.66526],[-79.29747,43.66535],[-79.29696,43.66534],[-79.29594,43.66565],[-79.29537,43.66587],[-79.29518,43.66625],[-79.29468,43.66621],[-79.29392,43.66703],[-79.29353,43.66729],[-79.29319,43.66737],[-79.2927,43.66731],[-79.29243,43.66762],[-79.29217,43.66776],[-79.29168,43.66769],[-79.29149,43.66793],[-79.29055,43.66841],[-79.28967,43.66858],[-79.28948,43.66814],[-79.28912,43.66852],[-79.28861,43.66863],[-79.28817,43.66905],[-79.28761,43.6692],[-79.28723,43.66913],[-79.28701,43.66885],[-79.2867,43.66918],[-79.28608,43.66943],[-79.28559,43.66983],[-79.28509,43.66995],[-79.28478,43.6698],[-79.28431,43.67014],[-79.28339,43.67028],[-79.28279,43.67013],[-79.28235,43.67057],[-79.2819,43.67073],[-79.28133,43.67058],[-79.2807,43.67102],[-79.28008,43.67102],[-79.27967,43.67118],[-79.27903,43.67167],[-79.28021,43.67427],[-79.2819,43.67834],[-79.28214,43.67847],[-79.28316,43.67864],[-79.28391,43.68045],[-79.28406,43.68081],[-79.28625,43.6861],[-79.2887,43.69209],[-79.28943,43.69384],[-79.28982,43.69495],[-79.29023,43.69598],[-79.29096,43.69766],[-79.29116,43.69807],[-79.29222,43.70011],[-79.29232,43.70034]]]},"properties":{"ward":19,"name":"Beaches-East York"}},
{"type":"Feature","geometry":{"type":"Polygon","coordinates":[[[-79.27903,43.67167],[-79.27837,43.67218],[-79.2781,43.67218],[-79.27774,43.67198],[-79.27723,43.67308],[-79.27687,43.6733],[-79.27658,43.67393],[-79.27635,43.67415],[-79.27594,43.67426],[-79.27582,43.6747],[-79.27542,43.67522],[-79.27509,43.67525],[-79.27483,43.6759],[-79.27449,43.67621],[-79.27424,43.67623],[-79.27408,43.67663],[-79.27368,43.67712],[-79.27335,43.67721],[-79.27296,43.67813],[-79.27268,43.67854],[-79.27238,43.67872],[-79.27192,43.67864],[-79.27165,43.67932],[-79.2714,43.67974],[-79.27117,43.67989],[-79.27083,43.67976],[-79.27056,43.68006],[-79.27042,43.68048],[-79.27021,43.6808],[-79.26977,43.68074],[-79.26938,43.68162],[-79.2691,43.68196],[-79.26855,43.68245],[-79.26824,43.68261],[-79.26788,43.68327],[-79.26763,43.68327],[-79.26728,43.68388],[-79.26689,43.68394],[-79.26656,43.68458],[-79.26638,43.68461],[-79.26514,43.68571],[-79.26378,43.68665],[-79.26345,43.68696],[-79.26256,43.68794],[-79.26206,43.6886],[-79.26155,43.68902],[-79.26081,43.68983],[-79.26054,43.68973],[-79.26036,43.69017],[-79.25997,43.69059],[-79.2599,43.69086],[-79.2596,43.69121],[-79.25942,43.69127],[-79.2593,43.69169],[-79.25911,43.6919],[-79.25882,43.69199],[-79.2586,43.69254],[-79.25812,43.69289],[-79.25777,43.69343],[-79.25715,43.69364],[-79.25685,43.69413],[-79.2563,43.69427],[-79.25593,43.69481],[-79.2556,43.69506],[-79.25367,43.69597],[-79.25344,43.69601],[-79.25321,43.69629],[-79.25228,43.69654],[-79.25146,43.69683],[-79.25019,43.6975],[-79.24976,43.69785],[-79.24923,43.69796],[-79.24892,43.6982],[-79.24741,43.69868],[-79.24672,43.69902],[-79.24584,43.69937],[-79.24491,43.69983],[-79.2445,43.7001],[-79.24387,43.70039],[-79.24395,43.70065],[-79.24382,43.70103],[-79.24334,43.70153],[-79.24315,43.70191],[-79.24276,43.70217],[-79.24159,43.70282],[-79.24102,43.70303],[-79.24037,43.70316],[-79.23963,43.70314],[-79.23895,43.70295],[-79.23856,43.70258],[-79.23799,43.70296],[-79.23806,43.70328],[-79.23869,43.70349],[-79.23943,43.70367],[-79.23955,43.70378],[-79.23919,43.70403],[-79.23835,43.70434],[-79.23858,43.70464],[-79.23804,43.70486],[-79.23725,43.70505],[-79.23666,43.70461],[-79.23675,43.70419],[-79.23748,43.7036],[-79.23764,43.70316],[-79.23793,43.70321],[-79.23799,43.70281],[-79.23831,43.70253],[-79.23898,43.70252],[-79.23921,43.70232],[-79.2391,43.70198],[-79.23876,43.70189],[-79.23839,43.70199],[-79.23826,43.70219],[-79.23752,43.70232],[-79.23706,43.70208],[-79.23666,43.70169],[-79.2366,43.70147],[-79.23612,43.7012],[-79.23575,43.70123],[-79.23548,43.70143],[-79.23542,43.70173],[-79.23584,43.70206],[-79.23604,43.70205],[-79.23648,43.70254],[-79.23659,43.7031],[-79.2364,43.70359],[-79.23578,43.70449],[-79.23526,43.70484],[-79.2342,43.70535],[-79.23387,43.70545],[-79.23357,43.70582],[-79.23391,43.7061],[-79.23419,43.7062],[-79.23398,43.70658],[-79.23371,43.70676],[-79.23342,43.70677],[-79.23314,43.70693],[-79.23271,43.70676],[-79.23263,43.70661],[-79.23285,43.70609],[-79.23311,43.70587],[-79.23309,43.70527],[-79.23278,43.70533],[-79.23233,43.70515],[-79.23233,43.70489],[-79.23194,43.70489],[-79.23161,43.70527],[-79.23096,43.70535],[-79.22992,43.7051],[-79.22918,43.70468],[-79.22889,43.70486],[-79.22924,43.70557],[-79.2284,43.70695],[-79.22767,43.70713],[-79.22768,43.70739],[-79.22801,43.70731],[-79.22855,43.70744],[-79.22866,43.70708],[-79.22951,43.70597],[-79.22982,43.70587],[-79.23108,43.70642],[-79.23108,43.70662],[-79.23182,43.7067],[-79.23344,43.70759],[-79.23316,43.70827],[-79.23333,43.70835],[-79.23317,43.70879],[-79.23298,43.70904],[-79.23302,43.70933],[-79.23248,43.70989],[-79.23159,43.71045],[-79.23116,43.7106],[-79.23074,43.71055],[-79.23012,43.7102],[-79.23033,43.70989],[-79.23116,43.70963],[-79.23151,43.70931],[-79.23187,43.70852],[-79.23159,43.70843],[-79.23127,43.70851],[-79.2312,43.70869],[-79.2309,43.70878],[-79.2299,43.70848],[-79.22978,43.70827],[-79.2298,43.70777],[-79.22953,43.70771],[-79.2295,43.70804],[-79.22919,43.7085],[-79.2285,43.70887],[-79.22869,43.70904],[-79.22909,43.7088],[-79.22956,43.70906],[-79.22962,43.70927],[-79.22921,43.70962],[-79.22903,43.70965],[-79.22827,43.7093],[-79.22805,43.70926],[-79.22783,43.70965],[-79.2283,43.70997],[-79.22803,43.71046],[-79.22804,43.71107],[-79.22731,43.7112],[-79.22718,43.71143],[-79.22736,43.71164],[-79.22825,43.71178],[-79.22923,43.71166],[-79.22915,43.71051],[-79.22939,43.71031],[-79.23001,43.71034],[-79.23038,43.71072],[-79.23059,43.71125],[-79.23052,43.71153],[-79.23004,43.71211],[-79.22944,43.71255],[-79.22855,43.71267],[-79.22817,43.71265],[-79.22667,43.7124],[-79.22642,43.71209],[-79.22645,43.71174],[-79.22631,43.71119],[-79.22675,43.70974],[-79.2271,43.70888],[-79.22733,43.70868],[-79.22805,43.70838],[-79.22787,43.7081],[-79.22687,43.70812],[-79.22643,43.70793],[-79.22629,43.70731],[-79.22604,43.70731],[-79.22584,43.70797],[-79.22604,43.70834],[-79.22637,43.70849],[-79.22649,43.70887],[-79.22624,43.70949],[-79.22568,43.71062],[-79.22522,43.71078],[-79.22502,43.71106],[-79.22578,43.7117],[-79.22559,43.71218],[-79.22521,43.7124],[-79.22601,43.71269],[-79.22551,43.71418],[-79.22534,43.71457],[-79.22475,43.7156],[-79.22457,43.71608],[-79.22419,43.71677],[-79.22409,43.71706],[-79.22355,43.71803],[-79.22295,43.71877],[-79.22233,43.7194],[-79.22187,43.71975],[-79.22165,43.72011],[-79.22127,43.72037],[-79.22051,43.72109],[-79.21977,43.7216],[-79.21919,43.72206],[-79.21877,43.72225],[-79.21769,43.72178],[-79.21736,43.72211],[-79.21745,43.72236],[-79.21708,43.72316],[-79.21681,43.72343],[-79.21643,43.72345],[-79.21597,43.7237],[-79.21637,43.72383],[-79.21617,43.72437],[-79.21565,43.72493],[-79.21513,43.72493],[-79.21499,43.72544],[-79.21474,43.72596],[-79.21438,43.72629],[-79.21401,43.72637],[-79.21399,43.72672],[-79.21365,43.7269],[-79.21276,43.72809],[-79.21341,43.73001],[-79.21476,43.73337],[-79.21594,43.73607],[-79.21704,43.73878],[-79.21785,43.74066],[-79.21891,43.74318],[-79.22056,43.74283],[-79.22516,43.74179],[-79.22867,43.74102],[-79.23205,43.74026],[-79.23526,43.73953],[-79.23836,43.73885],[-79.24374,43.73763],[-79.24616,43.7371],[-79.24808,43.7367],[-79.25022,43.73622],[-79.25205,43.73585],[-79.25319,43.73558],[-79.25437,43.73534],[-79.25743,43.73467],[-79.25917,43.73431],[-79.26606,43.73267],[-79.26793,43.7322],[-79.27121,43.73143],[-79.27283,43.73109],[-79.27596,43.73037],[-79.27786,43.72996],[-79.27923,43.72969],[-79.28287,43.72891],[-79.28762,43.72785],[-79.28994,43.72734],[-79.29432,43.72636],[-79.29743,43.72567],[-79.29941,43.7252],[-79.30125,43.72484],[-79.3023,43.72471],[-79.30265,43.72472],[-79.30166,43.72227],[-79.30059,43.71979],[-79.30018,43.71877],[-79.29771,43.71296],[-79.29682,43.71084],[-79.29599,43.70878],[-79.29528,43.70722],[-79.29475,43.70594],[-79.29367,43.70347],[-79.29232,43.70034],[-79.29222,43.70011],[-79.29116,43.69807],[-79.29096,43.69766],[-79.29023,43.69598],[-79.28982,43.69495],[-79.28943,43.69384],[-79.2887,43.69209],[-79.28625,43.6861],[-79.28406,43.68081],[-79.28391,43.68045],[-79.28316,43.67864],[-79.28214,43.67847],[-79.2819,43.67834],[-79.28021,43.67427],[-79.27903,43.67167]]]},"properties":{"ward":20,"name":"Scarborough Southwest"}},
{"type":"Feature","geometry":{"type":"Polygon","coordinates":[[[-79.1792,43.75188],[-79.17923,43.75202],[-79.17872,43.7523],[-79.17837,43.75234],[-79.17788,43.75263],[-79.17743,43.75272],[-79.17606,43.75354],[-79.17584,43.75373],[-79.17507,43.75408],[-79.17353,43.75467],[-79.17275,43.75487],[-79.17133,43.75539],[-79.17116,43.7555],[-79.17012,43.75586],[-79.16846,43.75633],[-79.16728,43.75683],[-79.16617,43.757],[-79.16403,43.75746],[-79.16335,43.75753],[-79.16175,43.758],[-79.16044,43.75826],[-79.16007,43.75845],[-79.15898,43.75869],[-79.15768,43.75889],[-79.15719,43.75891],[-79.15687,43.75902],[-79.15531,43.75913],[-79.15383,43.75908],[-79.15323,43.7591],[-79.15277,43.75928],[-79.15152,43.76015],[-79.15032,43.76155],[-79.14949,43.76247],[-79.14933,43.76274],[-79.14862,43.76355],[-79.14744,43.7647],[-79.14722,43.76503],[-79.14641,43.76574],[-79.14559,43.76602],[-79.14541,43.7662],[-79.14464,43.76665],[-79.14414,43.76701],[-79.14376,43.76742],[-79.14281,43.76814],[-79.14234,43.76866],[-79.14167,43.76906],[-79.14117,43.76912],[-79.14074,43.76894],[-79.14029,43.76916],[-79.14046,43.7693],[-79.14005,43.76998],[-79.13918,43.77042],[-79.13843,43.77062],[-79.1386,43.77081],[-79.13843,43.77116],[-79.1382,43.7714],[-79.13779,43.7716],[-79.13734,43.77152],[-79.13713,43.77175],[-79.13725,43.77189],[-79.13709,43.77226],[-79.13679,43.77265],[-79.13643,43.77287],[-79.13599,43.77284],[-79.13582,43.77309],[-79.13587,43.77337],[-79.13541,43.77398],[-79.13482,43.77416],[-79.13469,43.77393],[-79.13429,43.7739],[-79.134,43.77426],[-79.13406,43.77463],[-79.1338,43.77493],[-79.13377,43.77532],[-79.13405,43.77548],[-79.13379,43.77585],[-79.13302,43.77651],[-79.13281,43.77657],[-79.13259,43.77692],[-79.13204,43.77753],[-79.13151,43.77801],[-79.13105,43.77833],[-79.13073,43.77864],[-79.1303,43.7792],[-79.12974,43.77981],[-79.12931,43.78013],[-79.12912,43.78049],[-79.12871,43.78076],[-79.12827,43.78086],[-79.12769,43.78163],[-79.12717,43.78213],[-79.12689,43.78224],[-79.12677,43.78273],[-79.12611,43.78353],[-79.12567,43.78392],[-79.12487,43.78415],[-79.1249,43.78454],[-79.12463,43.78496],[-79.12424,43.78516],[-79.12406,43.785],[-79.12376,43.78541],[-79.12396,43.7857],[-79.12375,43.78603],[-79.12349,43.7862],[-79.12325,43.78609],[-79.12284,43.78647],[-79.1231,43.7866],[-79.12279,43.78723],[-79.12241,43.78741],[-79.12218,43.78727],[-79.12191,43.78768],[-79.12203,43.7879],[-79.12194,43.78813],[-79.1216,43.78854],[-79.12118,43.78849],[-79.12076,43.78895],[-79.12104,43.78915],[-79.12081,43.78966],[-79.12052,43.78989],[-79.12021,43.78978],[-79.12006,43.79021],[-79.12043,43.79057],[-79.12028,43.79101],[-79.11957,43.79181],[-79.1188,43.79249],[-79.11853,43.79282],[-79.11757,43.79358],[-79.11695,43.79417],[-79.11545,43.79456],[-79.11579,43.79477],[-79.11622,43.79475],[-79.11714,43.79437],[-79.11774,43.79435],[-79.11841,43.79448],[-79.11932,43.7948],[-79.11999,43.79482],[-79.121,43.79474],[-79.12121,43.79495],[-79.12111,43.79533],[-79.12027,43.79562],[-79.12018,43.79586],[-79.12031,43.79615],[-79.12117,43.79702],[-79.12151,43.79725],[-79.12193,43.7974],[-79.12234,43.79743],[-79.12347,43.79718],[-79.12423,43.79743],[-79.12436,43.79773],[-79.1242,43.79835],[-79.12423,43.79901],[-79.12439,43.79934],[-79.12487,43.79993],[-79.12518,43.80013],[-79.12557,43.80022],[-79.1264,43.80016],[-79.12725,43.80019],[-79.12768,43.80029],[-79.12846,43.80063],[-79.12915,43.80107],[-79.13023,43.80161],[-79.13103,43.80178],[-79.13179,43.80173],[-79.13324,43.80126],[-79.13427,43.80087],[-79.13526,43.80067],[-79.13543,43.80083],[-79.13521,43.80132],[-79.13466,43.80174],[-79.13377,43.80272],[-79.13369,43.80327],[-79.13418,43.80392],[-79.13439,43.80443],[-79.1343,43.80522],[-79.13395,43.80595],[-79.13393,43.8064],[-79.13404,43.80679],[-79.13559,43.80792],[-79.13626,43.80807],[-79.13705,43.80771],[-79.13761,43.80786],[-79.13788,43.8075],[-79.13816,43.80749],[-79.13841,43.80796],[-79.13895,43.80799],[-79.13914,43.80825],[-79.13958,43.80844],[-79.1401,43.80834],[-79.14064,43.80845],[-79.1407,43.80878],[-79.14124,43.80891],[-79.14184,43.80944],[-79.14197,43.80964],[-79.14246,43.80945],[-79.14291,43.80948],[-79.14315,43.80963],[-79.14311,43.80989],[-79.14288,43.81008],[-79.14314,43.81072],[-79.14343,43.81062],[-79.14346,43.81025],[-79.14364,43.81006],[-79.14528,43.80999],[-79.1461,43.81007],[-79.1464,43.81048],[-79.14613,43.81059],[-79.14613,43.81084],[-79.14667,43.81134],[-79.14773,43.81195],[-79.14823,43.81232],[-79.14864,43.81241],[-79.14947,43.81248],[-79.15007,43.81298],[-79.15076,43.81344],[-79.15123,43.81388],[-79.15174,43.81398],[-79.15216,43.81469],[-79.15252,43.81575],[-79.1528,43.81672],[-79.1555,43.82258],[-79.1589,43.83021],[-79.1605,43.83385],[-79.1625,43.83824],[-79.16495,43.84372],[-79.16591,43.84591],[-79.16744,43.84921],[-79.17029,43.85546],[-79.17695,43.85391],[-79.18144,43.85283],[-79.18989,43.85075],[-79.19503,43.84949],[-79.19893,43.8486],[-79.20057,43.84819],[-79.2045,43.84725],[-79.2093,43.8462],[-79.21484,43.84497],[-79.22781,43.84209],[-79.22692,43.84133],[-79.22656,43.84075],[-79.22618,43.83981],[-79.22591,43.8396],[-79.22556,43.83949],[-79.22513,43.83951],[-79.22388,43.83923],[-79.22349,43.83909],[-79.2228,43.83871],[-79.22263,43.83846],[-79.22283,43.83787],[-79.22285,43.83754],[-79.22265,43.83725],[-79.22197,43.83677],[-79.22183,43.83652],[-79.22206,43.83631],[-79.22323,43.83579],[-79.22398,43.83531],[-79.2241,43.83502],[-79.22408,43.83471],[-79.22384,43.83409],[-79.22364,43.83377],[-79.22252,43.83306],[-79.22189,43.83248],[-79.22148,43.8323],[-79.21961,43.83249],[-79.21915,43.83243],[-79.21865,43.83192],[-79.21855,43.83157],[-79.21831,43.8313],[-79.21835,43.831],[-79.21762,43.8305],[-79.21752,43.83038],[-79.2229,43.82876],[-79.2323,43.82573],[-79.23184,43.82469],[-79.2314,43.82398],[-79.23096,43.82355],[-79.23014,43.82303],[-79.23055,43.82261],[-79.23063,43.82209],[-79.23054,43.82175],[-79.22902,43.81828],[-79.22874,43.81792],[-79.22822,43.81744],[-79.22766,43.81663],[-79.2276,43.81627],[-79.22639,43.81361],[-79.22575,43.81222],[-79.2254,43.81153],[-79.22518,43.81124],[-79.22511,43.81114],[-79.22472,43.81075],[-79.22421,43.81039],[-79.22364,43.81007],[-79.22102,43.80888],[-79.22046,43.80854],[-79.22003,43.80821],[-79.21953,43.80771],[-79.21755,43.80507],[-79.21722,43.80435],[-79.21717,43.80365],[-79.21729,43.80316],[-79.21825,43.80114],[-79.21837,43.80044],[-79.21835,43.80002],[-79.21819,43.79947],[-79.21781,43.79845],[-79.21628,43.7949],[-79.21585,43.79386],[-79.21572,43.79368],[-79.21487,43.79388],[-79.2134,43.79414],[-79.20316,43.79563],[-79.19701,43.79652],[-79.19672,43.79579],[-79.19628,43.7939],[-79.19588,43.79281],[-79.19436,43.78928],[-79.19377,43.78799],[-79.19363,43.78737],[-79.19364,43.78657],[-79.19358,43.78592],[-79.19219,43.78258],[-79.18987,43.7771],[-79.18939,43.7762],[-79.18913,43.77579],[-79.18866,43.77474],[-79.18687,43.77061],[-79.18634,43.76924],[-79.18623,43.76841],[-79.186,43.76745],[-79.18566,43.76661],[-79.18432,43.7636],[-79.18361,43.76191],[-79.1831,43.76081],[-79.1805,43.75478],[-79.1792,43.75188]]]},"properties":{"ward":25,"name":"Scarborough-Rouge Park"}},
{"type":"Feature","geometry":{"type":"Polygon","coordinates":[[[-79.22639,43.81361],[-79.2276,43.81627],[-79.22766,43.81663],[-79.22822,43.81744],[-79.22874,43.81792],[-79.22902,43.81828],[-79.23054,43.82175],[-79.23063,43.82209],[-79.23055,43.82261],[-79.23014,43.82303],[-79.23096,43.82355],[-79.2314,43.82398],[-79.23184,43.82469],[-79.2323,43.82573],[-79.2229,43.82876],[-79.21752,43.83038],[-79.21762,43.8305],[-79.21835,43.831],[-79.21831,43.8313],[-79.21855,43.83157],[-79.21865,43.83192],[-79.21915,43.83243],[-79.21961,43.83249],[-79.22148,43.8323],[-79.22189,43.83248],[-79.22252,43.83306],[-79.22364,43.83377],[-79.22384,43.83409],[-79.22408,43.83471],[-79.2241,43.83502],[-79.22398,43.83531],[-79.22323,43.83579],[-79.22206,43.83631],[-79.22183,43.83652],[-79.22197,43.83677],[-79.22265,43.83725],[-79.22285,43.83754],[-79.22283,43.83787],[-79.22263,43.83846],[-79.2228,43.83871],[-79.22349,43.83909],[-79.22388,43.83923],[-79.22513,43.83951],[-79.22556,43.83949],[-79.22591,43.8396],[-79.22618,43.83981],[-79.22656,43.84075],[-79.22692,43.84133],[-79.22781,43.84209],[-79.22974,43.84165],[-79.2345,43.84051],[-79.23925,43.83939],[-79.24185,43.83879],[-79.24849,43.83724],[-79.24947,43.83703],[-79.25119,43.8366],[-79.25216,43.83639],[-79.25525,43.83567],[-79.26004,43.83457],[-79.26359,43.83373],[-79.26635,43.83309],[-79.26796,43.8327],[-79.27552,43.83097],[-79.27678,43.83067],[-79.2831,43.82922],[-79.2872,43.82829],[-79.29599,43.82627],[-79.29733,43.82595],[-79.29602,43.82318],[-79.29525,43.82145],[-79.29479,43.82028],[-79.29282,43.81588],[-79.29223,43.81461],[-79.2888,43.80705],[-79.28824,43.80625],[-79.2873,43.80535],[-79.28662,43.80446],[-79.28471,43.80004],[-79.28399,43.79832],[-79.28344,43.79706],[-79.28317,43.79636],[-79.28254,43.79491],[-79.28144,43.79224],[-79.28085,43.79093],[-79.28033,43.78964],[-79.27911,43.78678],[-79.27837,43.78481],[-79.27811,43.78436],[-79.27718,43.78308],[-79.27684,43.7823],[-79.27546,43.77891],[-79.27478,43.77728],[-79.27179,43.77794],[-79.26906,43.7785],[-79.26371,43.77954],[-79.26034,43.78021],[-79.25498,43.78122],[-79.25071,43.78205],[-79.24782,43.78257],[-79.24644,43.78285],[-79.24373,43.78344],[-79.24046,43.7842],[-79.23899,43.78458],[-79.23462,43.78578],[-79.23188,43.78664],[-79.22933,43.78752],[-79.22762,43.78821],[-79.22621,43.78888],[-79.22538,43.78933],[-79.22204,43.79131],[-79.22056,43.79202],[-79.21944,43.79249],[-79.21755,43.79317],[-79.21572,43.79368],[-79.21585,43.79386],[-79.21628,43.7949],[-79.21781,43.79845],[-79.21819,43.79947],[-79.21835,43.80002],[-79.21837,43.80044],[-79.21825,43.80114],[-79.21729,43.80316],[-79.21717,43.80365],[-79.21722,43.80435],[-79.21755,43.80507],[-79.21953,43.80771],[-79.22003,43.80821],[-79.22046,43.80854],[-79.22102,43.80888],[-79.22364,43.81007],[-79.22421,43.81039],[-79.22472,43.81075],[-79.22511,43.81114],[-79.22518,43.81124],[-79.2254,43.81153],[-79.22575,43.81222],[-79.22639,43.81361]]]},"properties":{"ward":23,"name":"Scarborough North"}},
{"type":"Feature","geometry":{"type":"Polygon","coordinates":[[[-79.1792,43.75188],[-79.1805,43.75478],[-79.1831,43.76081],[-79.18361,43.76191],[-79.18432,43.7636],[-79.18566,43.76661],[-79.186,43.76745],[-79.18623,43.76841],[-79.18634,43.76924],[-79.18687,43.77061],[-79.18866,43.77474],[-79.18913,43.77579],[-79.18939,43.7762],[-79.18987,43.7771],[-79.19219,43.78258],[-79.19358,43.78592],[-79.19364,43.78657],[-79.19363,43.78737],[-79.19377,43.78799],[-79.19436,43.78928],[-79.19588,43.79281],[-79.19628,43.7939],[-79.19672,43.79579],[-79.19701,43.79652],[-79.20316,43.79563],[-79.2134,43.79414],[-79.21487,43.79388],[-79.21572,43.79368],[-79.21755,43.79317],[-79.21944,43.79249],[-79.22056,43.79202],[-79.22204,43.79131],[-79.22538,43.78933],[-79.22621,43.78888],[-79.22762,43.78821],[-79.22933,43.78752],[-79.23188,43.78664],[-79.23462,43.78578],[-79.23899,43.78458],[-79.24046,43.7842],[-79.24373,43.78344],[-79.24644,43.78285],[-79.24782,43.78257],[-79.25071,43.78205],[-79.25498,43.78122],[-79.25461,43.78038],[-79.25423,43.77961],[-79.2524,43.77495],[-79.25187,43.77365],[-79.25161,43.77286],[-79.2515,43.77214],[-79.25133,43.7716],[-79.2504,43.76909],[-79.25021,43.76864],[-79.24821,43.76348],[-79.24667,43.75962],[-79.24622,43.75839],[-79.24564,43.75687],[-79.24551,43.75646],[-79.24542,43.75555],[-79.24323,43.756],[-79.23825,43.75709],[-79.23527,43.75772],[-79.23524,43.75746],[-79.2353,43.75661],[-79.23488,43.75555],[-79.2337,43.75282],[-79.23356,43.75246],[-79.23276,43.75059],[-79.23149,43.74756],[-79.23107,43.74652],[-79.22979,43.74354],[-79.22904,43.74168],[-79.22867,43.74102],[-79.22516,43.74179],[-79.22056,43.74283],[-79.21891,43.74318],[-79.21785,43.74066],[-79.21704,43.73878],[-79.21594,43.73607],[-79.21476,43.73337],[-79.21341,43.73001],[-79.21276,43.72809],[-79.21254,43.72858],[-79.21217,43.72901],[-79.21178,43.72927],[-79.2114,43.72937],[-79.21131,43.72977],[-79.21094,43.73004],[-79.21019,43.73019],[-79.20985,43.73042],[-79.20981,43.73065],[-79.21016,43.73093],[-79.20995,43.7313],[-79.20929,43.73166],[-79.20886,43.73166],[-79.20899,43.73191],[-79.20872,43.73228],[-79.20844,43.73248],[-79.20777,43.73269],[-79.20797,43.73291],[-79.20759,43.73335],[-79.20728,43.73344],[-79.20695,43.73333],[-79.20686,43.73367],[-79.20643,43.73419],[-79.20608,43.73434],[-79.20569,43.73432],[-79.20569,43.73455],[-79.20524,43.73484],[-79.20423,43.73516],[-79.20278,43.73558],[-79.20238,43.73573],[-79.20119,43.73661],[-79.19946,43.73778],[-79.1984,43.73856],[-79.19754,43.73914],[-79.1969,43.73999],[-79.19665,43.74024],[-79.1964,43.74066],[-79.19584,43.74123],[-79.19556,43.74123],[-79.19522,43.74139],[-79.19496,43.74173],[-79.19407,43.74257],[-79.19334,43.74306],[-79.19303,43.74335],[-79.19146,43.7445],[-79.19079,43.74507],[-79.19045,43.74541],[-79.19014,43.74556],[-79.18978,43.74587],[-79.18949,43.74598],[-79.18952,43.74617],[-79.18916,43.74641],[-79.18869,43.74685],[-79.18822,43.74692],[-79.18804,43.74684],[-79.18718,43.74735],[-79.18635,43.74765],[-79.18598,43.74788],[-79.18575,43.7482],[-79.18467,43.74877],[-79.18311,43.74951],[-79.18203,43.75012],[-79.18077,43.7509],[-79.18062,43.75125],[-79.17975,43.75151],[-79.17957,43.75181],[-79.1792,43.75188]]]},"properties":{"ward":24,"name":"Scarborough-Guildwood"}},
{"type":"Feature","geometry":{"type":"Polygon","coordinates":[[[-79.2337,43.75282],[-79.23488,43.75555],[-79.2353,43.75661],[-79.23524,43.75746],[-79.23527,43.75772],[-79.23825,43.75709],[-79.24323,43.756],[-79.24542,43.75555],[-79.24551,43.75646],[-79.24564,43.75687],[-79.24622,43.75839],[-79.24667,43.75962],[-79.24821,43.76348],[-79.25021,43.76864],[-79.2504,43.76909],[-79.25133,43.7716],[-79.2515,43.77214],[-79.25161,43.77286],[-79.25187,43.77365],[-79.2524,43.77495],[-79.25423,43.77961],[-79.25461,43.78038],[-79.25498,43.78122],[-79.26034,43.78021],[-79.26371,43.77954],[-79.26906,43.7785],[-79.27179,43.77794],[-79.27478,43.77728],[-79.2774,43.77669],[-79.28989,43.77377],[-79.29359,43.77292],[-79.29917,43.77161],[-79.30393,43.77052],[-79.31007,43.76908],[-79.3115,43.76881],[-79.31238,43.76867],[-79.31373,43.76851],[-79.31468,43.76844],[-79.31591,43.76838],[-79.31979,43.76836],[-79.31938,43.76743],[-79.3186,43.76542],[-79.31816,43.76452],[-79.31753,43.76302],[-79.31724,43.76238],[-79.31562,43.75877],[-79.31525,43.75787],[-79.3138,43.75373],[-79.31326,43.75221],[-79.31243,43.74974],[-79.31197,43.74843],[-79.31141,43.74673],[-79.31058,43.74438],[-79.31003,43.74272],[-79.30935,43.74092],[-79.30833,43.73849],[-79.30743,43.73627],[-79.30451,43.72919],[-79.30399,43.7279],[-79.30265,43.72472],[-79.3023,43.72471],[-79.30125,43.72484],[-79.29941,43.7252],[-79.29743,43.72567],[-79.29432,43.72636],[-79.28994,43.72734],[-79.28762,43.72785],[-79.28287,43.72891],[-79.27923,43.72969],[-79.27786,43.72996],[-79.27596,43.73037],[-79.27283,43.73109],[-79.27121,43.73143],[-79.26793,43.7322],[-79.26606,43.73267],[-79.25917,43.73431],[-79.25743,43.73467],[-79.25437,43.73534],[-79.25319,43.73558],[-79.25205,43.73585],[-79.25022,43.73622],[-79.24808,43.7367],[-79.24616,43.7371],[-79.24374,43.73763],[-79.23836,43.73885],[-79.23526,43.73953],[-79.23205,43.74026],[-79.22867,43.74102],[-79.22904,43.74168],[-79.22979,43.74354],[-79.23107,43.74652],[-79.23149,43.74756],[-79.23276,43.75059],[-79.23356,43.75246],[-79.2337,43.75282]]]},"properties":{"ward":21,"name":"Scarborough Centre"}},
{"type":"Feature","geometry":{"type":"Polygon","coordinates":[[[-79.31979,43.76836],[-79.31591,43.76838],[-79.31468,43.76844],[-79.31373,43.76851],[-79.31238,43.76867],[-79.3115,43.76881],[-79.31007,43.76908],[-79.30393,43.77052],[-79.29917,43.77161],[-79.29359,43.77292],[-79.28989,43.77377],[-79.2774,43.77669],[-79.27478,43.77728],[-79.27546,43.77891],[-79.27684,43.7823],[-79.27718,43.78308],[-79.27811,43.78436],[-79.27837,43.78481],[-79.27911,43.78678],[-79.28033,43.78964],[-79.28085,43.79093],[-79.28144,43.79224],[-79.28254,43.79491],[-79.28317,43.79636],[-79.28344,43.79706],[-79.28399,43.79832],[-79.28471,43.80004],[-79.28662,43.80446],[-79.2873,43.80535],[-79.28824,43.80625],[-79.2888,43.80705],[-79.29223,43.81461],[-79.29282,43.81588],[-79.29479,43.82028],[-79.29525,43.82145],[-79.29602,43.82318],[-79.29733,43.82595],[-79.3023,43.8248],[-79.30549,43.82407],[-79.30707,43.82369],[-79.31226,43.82247],[-79.32037,43.82059],[-79.32669,43.81909],[-79.32847,43.8187],[-79.33208,43.81788],[-79.3347,43.81726],[-79.33748,43.81663],[-79.33908,43.81623],[-79.34132,43.81565],[-79.33979,43.81209],[-79.33886,43.8098],[-79.33841,43.80875],[-79.33538,43.80201],[-79.33512,43.80137],[-79.33341,43.79756],[-79.33183,43.79402],[-79.33079,43.79176],[-79.32959,43.78925],[-79.32901,43.788],[-79.32723,43.78424],[-79.32696,43.78365],[-79.32423,43.77788],[-79.32302,43.77524],[-79.32098,43.77075],[-79.3201,43.76906],[-79.31979,43.76836]]]},"properties":{"ward":22,"name":"Scarborough-Agincourt"}},
{"type":"Feature","geometry":{"type":"Polygon","coordinates":[[[-79.33469,43.70308],[-79.33437,43.70365],[-79.33422,43.70406],[-79.33393,43.70532],[-79.33371,43.70664],[-79.3337,43.70758],[-79.33384,43.70851],[-79.3341,43.70934],[-79.33439,43.71],[-79.33509,43.70983],[-79.33588,43.70943],[-79.33632,43.70929],[-79.33791,43.70888],[-79.33801,43.70918],[-79.33826,43.70952],[-79.33859,43.7098],[-79.33939,43.71014],[-79.33944,43.71071],[-79.34005,43.71105],[-79.34028,43.71137],[-79.34029,43.7117],[-79.33949,43.71249],[-79.33953,43.71279],[-79.33985,43.71301],[-79.34021,43.713],[-79.34076,43.71269],[-79.34148,43.71278],[-79.34213,43.71313],[-79.34286,43.71335],[-79.3431,43.71356],[-79.34344,43.71408],[-79.34378,43.71428],[-79.34446,43.71455],[-79.34473,43.71478],[-79.34494,43.71522],[-79.3453,43.71522],[-79.34579,43.71507],[-79.3462,43.71527],[-79.34634,43.71548],[-79.34639,43.71591],[-79.3466,43.71606],[-79.34823,43.71619],[-79.34892,43.71631],[-79.34989,43.71603],[-79.35002,43.71586],[-79.35108,43.7157],[-79.35209,43.71566],[-79.35232,43.71573],[-79.35249,43.71615],[-79.35263,43.71623],[-79.35113,43.71669],[-79.34998,43.7171],[-79.35033,43.71777],[-79.35043,43.71848],[-79.35019,43.71952],[-79.34914,43.7223],[-79.34887,43.72318],[-79.34882,43.72361],[-79.34886,43.72423],[-79.34897,43.72474],[-79.3493,43.7254],[-79.34995,43.7262],[-79.35143,43.72739],[-79.35223,43.72814],[-79.35322,43.72922],[-79.35431,43.73031],[-79.35486,43.73097],[-79.35527,43.73173],[-79.35571,43.73326],[-79.35583,43.73382],[-79.35688,43.73831],[-79.35736,43.74049],[-79.35833,43.74515],[-79.35852,43.74598],[-79.35873,43.74708],[-79.35997,43.75295],[-79.36077,43.75644],[-79.36127,43.75872],[-79.36165,43.7603],[-79.36192,43.76169],[-79.36191,43.76356],[-79.36194,43.76456],[-79.36228,43.76546],[-79.36293,43.76634],[-79.36908,43.76606],[-79.37158,43.76594],[-79.37367,43.76577],[-79.37513,43.76563],[-79.37675,43.7654],[-79.37815,43.76517],[-79.37974,43.76487],[-79.38715,43.76331],[-79.39213,43.76224],[-79.39332,43.76193],[-79.39518,43.76133],[-79.39629,43.76089],[-79.39772,43.76023],[-79.39867,43.75972],[-79.40329,43.75684],[-79.40567,43.75532],[-79.40839,43.75362],[-79.40821,43.75293],[-79.40809,43.75192],[-79.4081,43.75093],[-79.40817,43.75036],[-79.40811,43.74979],[-79.40765,43.74811],[-79.40704,43.74569],[-79.40686,43.74465],[-79.4065,43.7433],[-79.40625,43.74186],[-79.40561,43.73902],[-79.40514,43.73698],[-79.40453,43.73417],[-79.40422,43.733],[-79.404,43.73197],[-79.40376,43.73113],[-79.40329,43.72916],[-79.40284,43.72743],[-79.4022,43.7251],[-79.40207,43.72433],[-79.40184,43.72346],[-79.40181,43.7231],[-79.4014,43.72098],[-79.40119,43.71998],[-79.40114,43.71955],[-79.40085,43.71834],[-79.40044,43.71637],[-79.40011,43.71495],[-79.39929,43.71091],[-79.399,43.70958],[-79.3939,43.71059],[-79.39123,43.71113],[-79.3902,43.70841],[-79.38893,43.70518],[-79.38816,43.70329],[-79.38703,43.70051],[-79.38683,43.69984],[-79.38674,43.6993],[-79.38648,43.69817],[-79.38623,43.6975],[-79.38485,43.69403],[-79.38188,43.69466],[-79.38135,43.69509],[-79.38062,43.69471],[-79.3802,43.69468],[-79.37868,43.69395],[-79.3765,43.6931],[-79.37562,43.69295],[-79.37489,43.69274],[-79.37396,43.69236],[-79.37305,43.69181],[-79.37269,43.69149],[-79.37183,43.691],[-79.37115,43.69069],[-79.37085,43.69063],[-79.36932,43.69214],[-79.36688,43.69435],[-79.36628,43.69409],[-79.36473,43.69381],[-79.36347,43.69349],[-79.36258,43.693],[-79.36211,43.69244],[-79.36194,43.69174],[-79.36199,43.69125],[-79.36231,43.69068],[-79.3632,43.68986],[-79.3636,43.68934],[-79.36376,43.68893],[-79.36374,43.68834],[-79.36358,43.68792],[-79.36323,43.68813],[-79.36306,43.6887],[-79.36279,43.68885],[-79.36246,43.68879],[-79.36217,43.68847],[-79.36168,43.68886],[-79.3605,43.69067],[-79.36005,43.69129],[-79.35994,43.69163],[-79.36006,43.69199],[-79.36125,43.69278],[-79.36176,43.69348],[-79.36185,43.69384],[-79.36167,43.69418],[-79.36065,43.69495],[-79.36,43.69531],[-79.35924,43.69552],[-79.35884,43.69555],[-79.35766,43.69527],[-79.35693,43.69542],[-79.35661,43.69564],[-79.3562,43.69615],[-79.35609,43.69643],[-79.356,43.69706],[-79.35582,43.69731],[-79.35502,43.69805],[-79.35466,43.69823],[-79.35353,43.69835],[-79.35275,43.6986],[-79.35147,43.69873],[-79.3511,43.69887],[-79.3506,43.69935],[-79.35041,43.69965],[-79.35012,43.69986],[-79.34938,43.69998],[-79.34871,43.7],[-79.34837,43.69993],[-79.34734,43.69915],[-79.34661,43.69895],[-79.34582,43.69848],[-79.34546,43.69836],[-79.34445,43.69826],[-79.34375,43.69849],[-79.34287,43.69902],[-79.34184,43.69924],[-79.34137,43.69946],[-79.34048,43.69999],[-79.33973,43.70063],[-79.33909,43.70126],[-79.33725,43.70216],[-79.33659,43.70271],[-79.33542,43.7032],[-79.33469,43.70308]]]},"properties":{"ward":15,"name":"Don Valley West"}},
{"type":"Feature","geometry":{"type":"Polygon","coordinates":[[[-79.40497,43.67592],[-79.40314,43.6763],[-79.40158,43.67667],[-79.40028,43.67705],[-79.39844,43.67777],[-79.39322,43.68017],[-79.39119,43.68108],[-79.39156,43.68197],[-79.39285,43.68503],[-79.39026,43.68559],[-79.39073,43.68679],[-79.38845,43.68729],[-79.38835,43.68733],[-79.38665,43.6877],[-79.38704,43.68786],[-79.38727,43.68827],[-79.3875,43.68841],[-79.38822,43.68864],[-79.38872,43.68896],[-79.38945,43.68958],[-79.38978,43.68978],[-79.38998,43.69008],[-79.39007,43.69058],[-79.39058,43.69106],[-79.39079,43.69099],[-79.39092,43.6913],[-79.38955,43.69159],[-79.38874,43.69172],[-79.38907,43.69252],[-79.38888,43.69256],[-79.38912,43.6931],[-79.38485,43.69403],[-79.38623,43.6975],[-79.38648,43.69817],[-79.38674,43.6993],[-79.38683,43.69984],[-79.38703,43.70051],[-79.38816,43.70329],[-79.38893,43.70518],[-79.3902,43.70841],[-79.39123,43.71113],[-79.3939,43.71059],[-79.399,43.70958],[-79.39887,43.70909],[-79.39837,43.70673],[-79.40028,43.70635],[-79.40375,43.7056],[-79.40653,43.70502],[-79.40962,43.70436],[-79.41323,43.70361],[-79.41988,43.70219],[-79.42089,43.702],[-79.42314,43.70151],[-79.42761,43.70057],[-79.4299,43.70006],[-79.43832,43.69828],[-79.44026,43.69785],[-79.44531,43.69676],[-79.44733,43.69636],[-79.44769,43.69626],[-79.45028,43.69569],[-79.44895,43.69255],[-79.44682,43.68727],[-79.44642,43.68625],[-79.44612,43.68557],[-79.44397,43.68603],[-79.44063,43.68671],[-79.43869,43.68713],[-79.43842,43.68637],[-79.43826,43.68636],[-79.43582,43.68689],[-79.43551,43.6869],[-79.43464,43.6871],[-79.43378,43.6849],[-79.43378,43.6845],[-79.43331,43.68334],[-79.43373,43.68318],[-79.43382,43.68302],[-79.43298,43.68097],[-79.4327,43.6808],[-79.43183,43.67861],[-79.43023,43.67474],[-79.43098,43.67472],[-79.4294,43.67097],[-79.42182,43.67242],[-79.41675,43.67347],[-79.41467,43.67391],[-79.40733,43.67543],[-79.40497,43.67592]]]},"properties":{"ward":12,"name":"Toronto-St. Paul's"}},
{"type":"Feature","geometry":{"type":"Polygon","coordinates":[[[-79.46005,43.66723],[-79.46536,43.6673],[-79.46615,43.66727],[-79.47183,43.66733],[-79.47288,43.66736],[-79.47498,43.66729],[-79.48053,43.66699],[-79.48264,43.66683],[-79.48818,43.6665],[-79.49144,43.66629],[-79.50022,43.66581],[-79.50562,43.66547],[-79.50654,43.66539],[-79.50762,43.66522],[-79.50878,43.66489],[-79.50998,43.66433],[-79.51115,43.66355],[-79.51172,43.66302],[-79.51221,43.66263],[-79.5113,43.66212],[-79.51025,43.66194],[-79.50929,43.66212],[-79.50884,43.66231],[-79.50709,43.66291],[-79.5066,43.66302],[-79.50617,43.66301],[-79.50552,43.66281],[-79.50486,43.66234],[-79.50409,43.66195],[-79.50308,43.66112],[-79.50191,43.66028],[-79.50105,43.65977],[-79.50014,43.65934],[-79.49978,43.65904],[-79.49952,43.65869],[-79.49944,43.6583],[-79.49953,43.65791],[-79.50003,43.65717],[-79.5004,43.65687],[-79.50161,43.65608],[-79.50225,43.65547],[-79.50269,43.6548],[-79.50286,43.65405],[-79.50287,43.65363],[-79.50278,43.65321],[-79.50249,43.65288],[-79.50207,43.65258],[-79.50152,43.6524],[-79.50034,43.65217],[-79.49907,43.65212],[-79.49786,43.65199],[-79.49665,43.65198],[-79.49544,43.6521],[-79.49427,43.65229],[-79.49306,43.65226],[-79.49248,43.65212],[-79.49196,43.65191],[-79.4915,43.65163],[-79.49124,43.65126],[-79.49093,43.65045],[-79.49088,43.65005],[-79.49102,43.64968],[-79.49129,43.64938],[-79.49227,43.6481],[-79.49277,43.64712],[-79.49282,43.64673],[-79.4927,43.6459],[-79.49243,43.64553],[-79.49174,43.64495],[-79.49098,43.64383],[-79.49059,43.64308],[-79.49019,43.642],[-79.4898,43.64146],[-79.48944,43.64123],[-79.4891,43.64121],[-79.4875,43.64181],[-79.48666,43.64203],[-79.48597,43.64211],[-79.48544,43.64209],[-79.48506,43.64192],[-79.48499,43.64174],[-79.48503,43.64087],[-79.48511,43.64027],[-79.48513,43.63964],[-79.48504,43.63882],[-79.48483,43.63848],[-79.48425,43.63815],[-79.48385,43.63805],[-79.48248,43.63797],[-79.48188,43.63799],[-79.48086,43.63809],[-79.47985,43.63814],[-79.47885,43.63812],[-79.47812,43.63799],[-79.4775,43.63773],[-79.47709,43.63721],[-79.47687,43.63675],[-79.47683,43.63644],[-79.47653,43.63597],[-79.4755,43.63411],[-79.47513,43.63385],[-79.47396,43.63329],[-79.4728,43.63282],[-79.47202,43.63237],[-79.47123,43.6317],[-79.47092,43.632],[-79.4703,43.63222],[-79.46924,43.63278],[-79.46877,43.63317],[-79.46839,43.63375],[-79.46783,43.63413],[-79.46731,43.63425],[-79.46716,43.6344],[-79.46671,43.63448],[-79.46636,43.63442],[-79.46581,43.63464],[-79.46522,43.63502],[-79.46504,43.63523],[-79.46391,43.63571],[-79.46304,43.63578],[-79.46261,43.63567],[-79.46233,43.63582],[-79.46186,43.63629],[-79.46163,43.63641],[-79.46126,43.63636],[-79.46075,43.6366],[-79.46019,43.63676],[-79.45866,43.63679],[-79.4579,43.63718],[-79.45706,43.63723],[-79.45637,43.6372],[-79.45523,43.63748],[-79.45446,43.63741],[-79.45383,43.6373],[-79.45294,43.63696],[-79.45259,43.63673],[-79.45212,43.63663],[-79.45104,43.63649],[-79.45057,43.63658],[-79.44976,43.63652],[-79.44924,43.63618],[-79.44894,43.63619],[-79.44838,43.63643],[-79.44764,43.63653],[-79.44675,43.63632],[-79.44599,43.63603],[-79.44391,43.63515],[-79.44392,43.63501],[-79.44322,43.63472],[-79.44292,43.63473],[-79.44245,43.63489],[-79.442,43.63495],[-79.44114,43.63487],[-79.44072,43.6347],[-79.44,43.63423],[-79.44001,43.63391],[-79.43929,43.63357],[-79.43936,43.63323],[-79.4382,43.63269],[-79.43773,43.63254],[-79.43694,43.63217],[-79.43584,43.63181],[-79.43508,43.6314],[-79.43348,43.63083],[-79.43172,43.63043],[-79.42948,43.63002],[-79.42778,43.62979],[-79.42817,43.63095],[-79.42865,43.63278],[-79.42871,43.63291],[-79.42779,43.63322],[-79.42542,43.63388],[-79.42801,43.6406],[-79.42864,43.64221],[-79.42821,43.64231],[-79.42941,43.64288],[-79.43443,43.64524],[-79.43654,43.64619],[-79.43888,43.6473],[-79.43993,43.64785],[-79.4408,43.64837],[-79.44224,43.64938],[-79.44345,43.65038],[-79.44405,43.65092],[-79.44642,43.65336],[-79.44987,43.65688],[-79.46005,43.66723]]]},"properties":{"ward":4,"name":"Parkdale-High Park"}},
{"type":"Feature","geometry":{"type":"Polygon","coordinates":[[[-79.53784,43.71299],[-79.53785,43.71371],[-79.53801,43.71431],[-79.53821,43.71458],[-79.5386,43.71473],[-79.53944,43.71493],[-79.54026,43.71506],[-79.54074,43.71536],[-79.54077,43.71563],[-79.54062,43.71619],[-79.54069,43.71654],[-79.54092,43.71674],[-79.5413,43.71686],[-79.54244,43.71677],[-79.54326,43.71694],[-79.54365,43.71715],[-79.54408,43.7177],[-79.54404,43.71803],[-79.54304,43.71976],[-79.5428,43.72036],[-79.54227,43.72097],[-79.54123,43.72168],[-79.54079,43.72227],[-79.54072,43.72261],[-79.54076,43.72391],[-79.54097,43.72423],[-79.54127,43.72493],[-79.5413,43.72563],[-79.54114,43.72592],[-79.54087,43.72613],[-79.54047,43.72623],[-79.53961,43.72623],[-79.53881,43.72645],[-79.53848,43.72664],[-79.53828,43.72691],[-79.53823,43.72726],[-79.53853,43.72829],[-79.53886,43.72926],[-79.53862,43.72984],[-79.5385,43.73112],[-79.53842,43.73162],[-79.53863,43.73193],[-79.53924,43.73208],[-79.53949,43.73195],[-79.53924,43.73112],[-79.53928,43.73088],[-79.53995,43.72996],[-79.54015,43.72978],[-79.54082,43.72958],[-79.54115,43.72959],[-79.54322,43.72992],[-79.5436,43.73004],[-79.54424,43.73037],[-79.54483,43.7308],[-79.54486,43.73102],[-79.54401,43.73154],[-79.54384,43.73178],[-79.54408,43.73227],[-79.54441,43.73238],[-79.5448,43.73236],[-79.54512,43.73215],[-79.5455,43.73153],[-79.54632,43.73144],[-79.54677,43.73156],[-79.54756,43.73195],[-79.54781,43.73239],[-79.54887,43.73283],[-79.54919,43.7331],[-79.55001,43.7333],[-79.55036,43.73353],[-79.5505,43.73395],[-79.55044,43.73424],[-79.55056,43.73461],[-79.55048,43.7348],[-79.54964,43.73528],[-79.54912,43.73571],[-79.54916,43.73593],[-79.55029,43.73587],[-79.55046,43.736],[-79.55056,43.7364],[-79.55045,43.73669],[-79.55005,43.73719],[-79.55009,43.7375],[-79.54988,43.73797],[-79.54927,43.73792],[-79.54887,43.73802],[-79.54836,43.73849],[-79.54822,43.73898],[-79.54784,43.73906],[-79.54643,43.73979],[-79.54618,43.74005],[-79.5461,43.74036],[-79.54618,43.74069],[-79.5464,43.74095],[-79.54761,43.74173],[-79.548,43.7418],[-79.54878,43.7417],[-79.54913,43.74176],[-79.54935,43.74195],[-79.5492,43.74233],[-79.54949,43.74253],[-79.54999,43.74228],[-79.55039,43.74234],[-79.55041,43.74254],[-79.54994,43.74294],[-79.54984,43.74359],[-79.55001,43.74386],[-79.55037,43.74408],[-79.55121,43.74424],[-79.55194,43.74406],[-79.55225,43.74387],[-79.55295,43.74359],[-79.55437,43.74322],[-79.55603,43.74321],[-79.55646,43.7431],[-79.55674,43.74286],[-79.55698,43.74226],[-79.55682,43.74138],[-79.55746,43.74101],[-79.55783,43.74096],[-79.55817,43.74117],[-79.55838,43.74146],[-79.55834,43.74184],[-79.55785,43.74213],[-79.55807,43.7425],[-79.55876,43.74292],[-79.55928,43.74297],[-79.55943,43.74262],[-79.55976,43.7425],[-79.56049,43.74262],[-79.5619,43.7427],[-79.56229,43.74285],[-79.56246,43.74314],[-79.56245,43.74345],[-79.56224,43.74376],[-79.56217,43.74407],[-79.56235,43.74431],[-79.5634,43.7448],[-79.56398,43.74526],[-79.56522,43.74568],[-79.56612,43.74585],[-79.56764,43.74607],[-79.5694,43.74639],[-79.57127,43.7468],[-79.57247,43.74684],[-79.57285,43.74696],[-79.5733,43.74742],[-79.57334,43.748],[-79.57313,43.74865],[-79.57269,43.74971],[-79.57297,43.7502],[-79.57327,43.75036],[-79.57362,43.75034],[-79.57441,43.75016],[-79.57552,43.75003],[-79.57711,43.75019],[-79.57827,43.75048],[-79.5792,43.75096],[-79.58,43.75157],[-79.58255,43.7524],[-79.5831,43.75275],[-79.58315,43.75299],[-79.58313,43.75372],[-79.58334,43.75391],[-79.58394,43.7542],[-79.58413,43.7544],[-79.58429,43.75481],[-79.58416,43.75524],[-79.58459,43.75582],[-79.58499,43.7561],[-79.58521,43.7565],[-79.5852,43.75673],[-79.58499,43.7571],[-79.58402,43.75729],[-79.58382,43.75761],[-79.58407,43.7582],[-79.584,43.75856],[-79.58382,43.7587],[-79.58326,43.7587],[-79.58271,43.75852],[-79.5818,43.75858],[-79.58121,43.75873],[-79.58077,43.75893],[-79.58057,43.75924],[-79.58078,43.75979],[-79.58062,43.76036],[-79.58019,43.76056],[-79.57974,43.76065],[-79.57933,43.76084],[-79.57893,43.76132],[-79.57821,43.76179],[-79.57753,43.76213],[-79.57779,43.76241],[-79.57816,43.7624],[-79.57866,43.76227],[-79.57925,43.76221],[-79.57953,43.76227],[-79.58064,43.76302],[-79.59042,43.76078],[-79.59607,43.7595],[-79.60205,43.75815],[-79.61123,43.75611],[-79.61409,43.75545],[-79.61425,43.75543],[-79.61984,43.75418],[-79.62491,43.75305],[-79.6296,43.75197],[-79.63172,43.75151],[-79.63314,43.75131],[-79.63525,43.75123],[-79.63645,43.75106],[-79.63737,43.75076],[-79.63829,43.75037],[-79.63926,43.74987],[-79.63785,43.74848],[-79.63761,43.7483],[-79.63691,43.74714],[-79.6369,43.74683],[-79.63664,43.74648],[-79.63566,43.74462],[-79.63413,43.74207],[-79.63149,43.73753],[-79.63135,43.73703],[-79.63035,43.73547],[-79.62926,43.73464],[-79.62897,43.73381],[-79.62882,43.73365],[-79.62818,43.73353],[-79.62784,43.73325],[-79.62695,43.73142],[-79.62664,43.73006],[-79.62632,43.72903],[-79.62594,43.72819],[-79.62543,43.72735],[-79.62361,43.72416],[-79.62034,43.71838],[-79.61915,43.71625],[-79.61556,43.71017],[-79.61322,43.70627],[-79.60974,43.70077],[-79.60725,43.69692],[-79.60588,43.69468],[-79.60439,43.69202],[-79.60299,43.68927],[-79.60219,43.6878],[-79.60146,43.68669],[-79.6005,43.68545],[-79.60015,43.68511],[-79.59995,43.68373],[-79.59475,43.67502],[-79.59475,43.67475],[-79.59455,43.67421],[-79.59143,43.66917],[-79.59109,43.66859],[-79.58898,43.66937],[-79.58666,43.67019],[-79.58472,43.67091],[-79.58367,43.67134],[-79.58251,43.67192],[-79.58191,43.67226],[-79.57854,43.67277],[-79.57724,43.67291],[-79.5762,43.67306],[-79.57111,43.67372],[-79.56932,43.674],[-79.56768,43.67419],[-79.56686,43.67422],[-79.56381,43.67441],[-79.56318,43.67448],[-79.56422,43.67684],[-79.56538,43.67935],[-79.56864,43.68661],[-79.56938,43.68822],[-79.57002,43.6898],[-79.57084,43.69159],[-79.56753,43.69227],[-79.564,43.69303],[-79.56252,43.6934],[-79.55865,43.69425],[-79.55529,43.69504],[-79.55406,43.69534],[-79.55033,43.69621],[-79.54876,43.69662],[-79.54673,43.69705],[-79.54516,43.69743],[-79.54341,43.69778],[-79.5416,43.69821],[-79.53989,43.69857],[-79.53427,43.69982],[-79.52766,43.7012],[-79.52597,43.7016],[-79.52609,43.70165],[-79.52665,43.70189],[-79.52774,43.70223],[-79.52857,43.70242],[-79.52903,43.7029],[-79.52917,43.70325],[-79.52972,43.70382],[-79.5301,43.70403],[-79.53074,43.70458],[-79.53116,43.70478],[-79.53219,43.70497],[-79.53317,43.70501],[-79.53413,43.70483],[-79.53502,43.70455],[-79.53544,43.70448],[-79.53596,43.70459],[-79.53595,43.70499],[-79.53572,43.70532],[-79.5356,43.70569],[-79.53544,43.70678],[-79.53547,43.70715],[-79.53566,43.70789],[-79.53591,43.7082],[-79.53629,43.70834],[-79.53741,43.70826],[-79.53813,43.70849],[-79.5389,43.709],[-79.53933,43.70966],[-79.53957,43.71034],[-79.5396,43.71071],[-79.53913,43.71138],[-79.5384,43.71182],[-79.53794,43.7124],[-79.53784,43.71299]]]},"properties":{"ward":1,"name":"Etobicoke North"}},
{"type":"Feature","geometry":{"type":"Polygon","coordinates":[[[-79.47123,43.6317],[-79.47202,43.63237],[-79.4728,43.63282],[-79.47396,43.63329],[-79.47513,43.63385],[-79.4755,43.63411],[-79.47653,43.63597],[-79.47683,43.63644],[-79.47687,43.63675],[-79.47709,43.63721],[-79.4775,43.63773],[-79.47812,43.63799],[-79.47885,43.63812],[-79.47985,43.63814],[-79.48086,43.63809],[-79.48188,43.63799],[-79.48248,43.63797],[-79.48385,43.63805],[-79.48425,43.63815],[-79.48483,43.63848],[-79.48504,43.63882],[-79.48513,43.63964],[-79.48511,43.64027],[-79.48503,43.64087],[-79.48499,43.64174],[-79.48506,43.64192],[-79.48544,43.64209],[-79.48597,43.64211],[-79.48666,43.64203],[-79.4875,43.64181],[-79.4891,43.64121],[-79.48944,43.64123],[-79.4898,43.64146],[-79.49019,43.642],[-79.49059,43.64308],[-79.49098,43.64383],[-79.49174,43.64495],[-79.49243,43.64553],[-79.4927,43.6459],[-79.49282,43.64673],[-79.49277,43.64712],[-79.49227,43.6481],[-79.49129,43.64938],[-79.49102,43.64968],[-79.49088,43.65005],[-79.49093,43.65045],[-79.49124,43.65126],[-79.4915,43.65163],[-79.49196,43.65191],[-79.49248,43.65212],[-79.49306,43.65226],[-79.49427,43.65229],[-79.49544,43.6521],[-79.49665,43.65198],[-79.49786,43.65199],[-79.49907,43.65212],[-79.50034,43.65217],[-79.50152,43.6524],[-79.50207,43.65258],[-79.50249,43.65288],[-79.50278,43.65321],[-79.50287,43.65363],[-79.50286,43.65405],[-79.50269,43.6548],[-79.50225,43.65547],[-79.50161,43.65608],[-79.5004,43.65687],[-79.50003,43.65717],[-79.49953,43.65791],[-79.49944,43.6583],[-79.49952,43.65869],[-79.49978,43.65904],[-79.50014,43.65934],[-79.50105,43.65977],[-79.50191,43.66028],[-79.50308,43.66112],[-79.50409,43.66195],[-79.50486,43.66234],[-79.50552,43.66281],[-79.50719,43.66192],[-79.50825,43.66149],[-79.51046,43.66063],[-79.51485,43.65895],[-79.51596,43.65844],[-79.51748,43.65787],[-79.51878,43.65448],[-79.52021,43.65068],[-79.52067,43.64993],[-79.5214,43.64911],[-79.5224,43.64827],[-79.52312,43.64875],[-79.52375,43.64908],[-79.52474,43.64998],[-79.52556,43.65053],[-79.52655,43.65089],[-79.52722,43.65096],[-79.52791,43.65096],[-79.529,43.65117],[-79.53074,43.65089],[-79.53096,43.65068],[-79.53097,43.65016],[-79.53127,43.65002],[-79.53199,43.65004],[-79.53229,43.65038],[-79.53222,43.65082],[-79.5324,43.65187],[-79.53258,43.65208],[-79.53288,43.65214],[-79.5336,43.65212],[-79.53464,43.65216],[-79.53551,43.6525],[-79.53593,43.6525],[-79.53627,43.65261],[-79.53677,43.65256],[-79.53716,43.65263],[-79.53752,43.65291],[-79.53744,43.65342],[-79.53717,43.65399],[-79.53717,43.65421],[-79.53786,43.65498],[-79.53817,43.65515],[-79.53906,43.65522],[-79.53976,43.65506],[-79.54016,43.65481],[-79.54011,43.65438],[-79.53967,43.65387],[-79.5399,43.65356],[-79.54048,43.65356],[-79.53973,43.65186],[-79.5394,43.65098],[-79.53854,43.6491],[-79.53763,43.64697],[-79.5372,43.64601],[-79.53536,43.64179],[-79.53677,43.6415],[-79.53956,43.64089],[-79.54223,43.64026],[-79.54505,43.63967],[-79.54641,43.63935],[-79.55247,43.63795],[-79.55959,43.63624],[-79.55902,43.63449],[-79.55862,43.63342],[-79.55819,43.63214],[-79.55677,43.62853],[-79.55852,43.62812],[-79.56059,43.62772],[-79.56237,43.62734],[-79.56376,43.62703],[-79.56346,43.62644],[-79.56345,43.62616],[-79.5636,43.62564],[-79.5636,43.62489],[-79.56394,43.6245],[-79.56426,43.62439],[-79.56509,43.62458],[-79.56543,43.62437],[-79.56561,43.62404],[-79.5659,43.62252],[-79.56555,43.62178],[-79.56565,43.62148],[-79.56599,43.62126],[-79.56682,43.62087],[-79.56693,43.62055],[-79.56675,43.61993],[-79.56672,43.61931],[-79.56682,43.61886],[-79.56651,43.61795],[-79.5667,43.61754],[-79.56697,43.61729],[-79.56755,43.61704],[-79.56785,43.61678],[-79.56783,43.61619],[-79.56794,43.61571],[-79.56818,43.6151],[-79.56834,43.6145],[-79.56829,43.61422],[-79.56771,43.61378],[-79.56654,43.61343],[-79.56606,43.61337],[-79.56536,43.61342],[-79.56486,43.61338],[-79.56438,43.61324],[-79.56409,43.61298],[-79.56395,43.61253],[-79.56422,43.61224],[-79.56528,43.61176],[-79.56615,43.61107],[-79.56665,43.61083],[-79.56717,43.61066],[-79.56733,43.61022],[-79.56727,43.6096],[-79.567,43.60895],[-79.56664,43.60868],[-79.5662,43.60859],[-79.56555,43.60864],[-79.5648,43.60838],[-79.56467,43.60825],[-79.56464,43.6078],[-79.56485,43.60751],[-79.56487,43.60722],[-79.56423,43.60699],[-79.56316,43.60684],[-79.56264,43.60672],[-79.56227,43.6065],[-79.56187,43.60604],[-79.56145,43.60584],[-79.56046,43.60546],[-79.55926,43.60475],[-79.55866,43.60422],[-79.55834,43.60377],[-79.55802,43.60349],[-79.5576,43.60326],[-79.55689,43.60296],[-79.55631,43.60257],[-79.55615,43.60221],[-79.55625,43.60141],[-79.55601,43.60089],[-79.55583,43.59999],[-79.55569,43.59967],[-79.55538,43.59942],[-79.55429,43.59912],[-79.55392,43.59883],[-79.55367,43.59847],[-79.55348,43.5979],[-79.55395,43.59633],[-79.55371,43.59576],[-79.55351,43.59561],[-79.55297,43.59542],[-79.55211,43.5953],[-79.55123,43.59533],[-79.55002,43.59526],[-79.54911,43.59516],[-79.54873,43.59485],[-79.54866,43.59421],[-79.54877,43.59362],[-79.54942,43.59244],[-79.54957,43.59188],[-79.54961,43.5911],[-79.54955,43.59062],[-79.54935,43.59034],[-79.54848,43.59017],[-79.54668,43.58912],[-79.54641,43.58893],[-79.54816,43.587],[-79.54465,43.58528],[-79.54388,43.58139],[-79.54341,43.581],[-79.54317,43.58166],[-79.54257,43.58304],[-79.54211,43.58378],[-79.5411,43.58464],[-79.54102,43.58489],[-79.54036,43.58558],[-79.53989,43.58615],[-79.53967,43.58623],[-79.53936,43.5866],[-79.53711,43.58803],[-79.5365,43.58815],[-79.53601,43.58817],[-79.53542,43.58812],[-79.53459,43.58795],[-79.53426,43.58797],[-79.534,43.58779],[-79.53349,43.58811],[-79.53219,43.58832],[-79.53111,43.58857],[-79.53058,43.58853],[-79.53054,43.58829],[-79.53088,43.58816],[-79.53067,43.58787],[-79.52983,43.58789],[-79.52954,43.58799],[-79.52925,43.58824],[-79.52853,43.5891],[-79.52784,43.58946],[-79.52723,43.58961],[-79.52656,43.58962],[-79.52597,43.58972],[-79.52535,43.58975],[-79.52496,43.58984],[-79.52478,43.58975],[-79.52359,43.59001],[-79.52333,43.59],[-79.5215,43.59012],[-79.52112,43.59011],[-79.51984,43.59021],[-79.51908,43.59046],[-79.51905,43.59058],[-79.51857,43.59072],[-79.5182,43.59039],[-79.51723,43.59056],[-79.51673,43.59028],[-79.51653,43.59009],[-79.51624,43.58954],[-79.51652,43.58893],[-79.5161,43.58911],[-79.51548,43.58891],[-79.51491,43.58897],[-79.51505,43.58939],[-79.51565,43.58941],[-79.51565,43.58985],[-79.51591,43.59053],[-79.51575,43.59078],[-79.51548,43.59078],[-79.51542,43.59013],[-79.51521,43.59005],[-79.51482,43.59025],[-79.51299,43.59067],[-79.51162,43.59029],[-79.51108,43.58909],[-79.51131,43.58862],[-79.51215,43.58832],[-79.5122,43.58794],[-79.51308,43.58771],[-79.51353,43.588],[-79.5141,43.58787],[-79.51466,43.58763],[-79.51506,43.58778],[-79.51527,43.58799],[-79.51609,43.58826],[-79.51686,43.58842],[-79.51705,43.58826],[-79.51577,43.58791],[-79.51458,43.58719],[-79.51403,43.58706],[-79.51316,43.58707],[-79.51191,43.58729],[-79.51088,43.58733],[-79.51043,43.58724],[-79.50962,43.5872],[-79.50926,43.58734],[-79.50945,43.58767],[-79.51007,43.58778],[-79.51032,43.58795],[-79.51047,43.58833],[-79.51034,43.58891],[-79.51036,43.58917],[-79.51004,43.58968],[-79.50974,43.59003],[-79.50928,43.59016],[-79.50873,43.59024],[-79.50885,43.59054],[-79.5101,43.59076],[-79.51087,43.59104],[-79.51095,43.59132],[-79.51083,43.59173],[-79.51033,43.59237],[-79.50967,43.59238],[-79.50977,43.59279],[-79.51044,43.59291],[-79.51069,43.5931],[-79.51076,43.59342],[-79.51058,43.59371],[-79.5101,43.59383],[-79.50968,43.59375],[-79.50893,43.59391],[-79.50863,43.59374],[-79.50826,43.59388],[-79.50754,43.59401],[-79.50706,43.59416],[-79.50641,43.59412],[-79.50631,43.59364],[-79.50619,43.59348],[-79.50566,43.59352],[-79.50547,43.59374],[-79.50506,43.59396],[-79.50486,43.59425],[-79.50373,43.59422],[-79.50232,43.59449],[-79.50161,43.59478],[-79.50092,43.59499],[-79.50039,43.5954],[-79.50048,43.59576],[-79.50031,43.59625],[-79.49956,43.59753],[-79.49931,43.59775],[-79.49836,43.59805],[-79.49812,43.59836],[-79.49786,43.59851],[-79.49798,43.5992],[-79.49819,43.5995],[-79.49816,43.59978],[-79.49792,43.60021],[-79.49748,43.60071],[-79.49697,43.60109],[-79.49654,43.60155],[-79.49595,43.60195],[-79.49493,43.6022],[-79.49456,43.60222],[-79.49426,43.60209],[-79.49346,43.60212],[-79.49307,43.60201],[-79.49273,43.60206],[-79.49251,43.60227],[-79.4925,43.60266],[-79.49154,43.60351],[-79.49058,43.60446],[-79.49019,43.60496],[-79.48988,43.60515],[-79.48946,43.60553],[-79.48912,43.60638],[-79.48892,43.60663],[-79.48854,43.60675],[-79.48799,43.60739],[-79.48791,43.60769],[-79.48756,43.60821],[-79.4873,43.60833],[-79.48697,43.60933],[-79.48654,43.60969],[-79.48658,43.61027],[-79.48679,43.61045],[-79.48673,43.61074],[-79.48633,43.61082],[-79.48677,43.61114],[-79.48669,43.61156],[-79.48678,43.61181],[-79.48667,43.61226],[-79.4864,43.61223],[-79.48617,43.61238],[-79.48617,43.61275],[-79.48655,43.61264],[-79.48697,43.61272],[-79.48703,43.61295],[-79.48669,43.6136],[-79.48629,43.6136],[-79.48594,43.61399],[-79.48597,43.61435],[-79.4857,43.61505],[-79.48533,43.61565],[-79.48534,43.61591],[-79.48521,43.61638],[-79.48493,43.61672],[-79.48472,43.61725],[-79.48439,43.61763],[-79.48396,43.61783],[-79.48314,43.6184],[-79.48253,43.61844],[-79.48163,43.61877],[-79.48122,43.61853],[-79.48167,43.61813],[-79.48131,43.61783],[-79.48118,43.61804],[-79.48056,43.61838],[-79.47994,43.61795],[-79.47885,43.61709],[-79.48006,43.61617],[-79.48043,43.61619],[-79.48055,43.6157],[-79.48013,43.61546],[-79.48017,43.61502],[-79.48042,43.61411],[-79.48084,43.61403],[-79.48193,43.6141],[-79.48217,43.61397],[-79.4827,43.61396],[-79.48306,43.61425],[-79.4831,43.6147],[-79.48332,43.61474],[-79.48348,43.61427],[-79.48373,43.6138],[-79.48414,43.6133],[-79.48403,43.61306],[-79.48343,43.61282],[-79.48307,43.61237],[-79.48279,43.61239],[-79.48262,43.61306],[-79.48179,43.61337],[-79.48104,43.61344],[-79.48058,43.61336],[-79.48029,43.61306],[-79.47996,43.61229],[-79.47944,43.61192],[-79.47893,43.61209],[-79.47891,43.61239],[-79.47928,43.61303],[-79.47874,43.61407],[-79.47828,43.61444],[-79.47728,43.61419],[-79.47692,43.61445],[-79.47742,43.61483],[-79.47755,43.61511],[-79.47704,43.61607],[-79.47591,43.61738],[-79.47555,43.61765],[-79.475,43.61759],[-79.47493,43.61778],[-79.47519,43.61799],[-79.47582,43.6182],[-79.476,43.61816],[-79.4762,43.61785],[-79.47673,43.61746],[-79.47727,43.61735],[-79.47834,43.61792],[-79.47866,43.61818],[-79.47884,43.6186],[-79.47844,43.6189],[-79.47832,43.61911],[-79.47786,43.6187],[-79.47768,43.61841],[-79.47727,43.61831],[-79.47667,43.61855],[-79.47648,43.6189],[-79.47678,43.61939],[-79.47713,43.61961],[-79.47783,43.61971],[-79.47833,43.61987],[-79.47898,43.62016],[-79.47968,43.62059],[-79.47994,43.62087],[-79.4804,43.62107],[-79.48013,43.62138],[-79.47953,43.62107],[-79.4792,43.62125],[-79.47947,43.62142],[-79.4799,43.62145],[-79.47987,43.62163],[-79.47951,43.62169],[-79.47856,43.6215],[-79.47778,43.6216],[-79.47754,43.62158],[-79.47715,43.62108],[-79.47705,43.62081],[-79.47724,43.62041],[-79.47706,43.62011],[-79.47637,43.61985],[-79.47577,43.61977],[-79.47562,43.61964],[-79.47531,43.61893],[-79.4749,43.61871],[-79.4744,43.61885],[-79.47435,43.61925],[-79.47463,43.61961],[-79.47482,43.62018],[-79.47439,43.62081],[-79.47384,43.62146],[-79.47324,43.62206],[-79.47278,43.62233],[-79.4711,43.62252],[-79.47047,43.62256],[-79.46962,43.62238],[-79.4692,43.62256],[-79.46923,43.62295],[-79.46962,43.62329],[-79.46991,43.62372],[-79.47007,43.62416],[-79.47021,43.62485],[-79.47045,43.62524],[-79.47067,43.62533],[-79.47135,43.6251],[-79.47203,43.62535],[-79.47198,43.62497],[-79.47168,43.62466],[-79.47156,43.62434],[-79.4724,43.62349],[-79.47282,43.6234],[-79.47348,43.62387],[-79.47339,43.62322],[-79.47406,43.62257],[-79.47457,43.62269],[-79.47538,43.6232],[-79.47529,43.62346],[-79.47585,43.62348],[-79.47614,43.62338],[-79.47657,43.62355],[-79.47685,43.6239],[-79.47658,43.62427],[-79.47615,43.62428],[-79.47635,43.62473],[-79.47665,43.62477],[-79.47636,43.62554],[-79.47595,43.62532],[-79.47596,43.62577],[-79.47624,43.62575],[-79.47607,43.62647],[-79.47577,43.6271],[-79.47559,43.62725],[-79.47537,43.62802],[-79.47477,43.62884],[-79.47364,43.62965],[-79.4732,43.62957],[-79.47261,43.62968],[-79.47248,43.62989],[-79.47237,43.63042],[-79.47195,43.63069],[-79.47131,43.63062],[-79.47086,43.63069],[-79.47084,43.63098],[-79.47145,43.63144],[-79.47123,43.6317]]]},"properties":{"ward":3,"name":"Etobicoke-Lakeshore"}},
{"type":"Feature","geometry":{"type":"Polygon","coordinates":[[[-79.52597,43.7016],[-79.52766,43.7012],[-79.53427,43.69982],[-79.53989,43.69857],[-79.5416,43.69821],[-79.54341,43.69778],[-79.54516,43.69743],[-79.54673,43.69705],[-79.54876,43.69662],[-79.55033,43.69621],[-79.55406,43.69534],[-79.55529,43.69504],[-79.55865,43.69425],[-79.56252,43.6934],[-79.564,43.69303],[-79.56753,43.69227],[-79.57084,43.69159],[-79.57002,43.6898],[-79.56938,43.68822],[-79.56864,43.68661],[-79.56538,43.67935],[-79.56422,43.67684],[-79.56318,43.67448],[-79.56381,43.67441],[-79.56686,43.67422],[-79.56768,43.67419],[-79.56932,43.674],[-79.57111,43.67372],[-79.5762,43.67306],[-79.57724,43.67291],[-79.57854,43.67277],[-79.58191,43.67226],[-79.58251,43.67192],[-79.58367,43.67134],[-79.58472,43.67091],[-79.58666,43.67019],[-79.58898,43.66937],[-79.59109,43.66859],[-79.59049,43.66751],[-79.58996,43.66682],[-79.58878,43.66462],[-79.59568,43.65829],[-79.59841,43.65583],[-79.60873,43.64645],[-79.60842,43.64619],[-79.60817,43.64582],[-79.60797,43.64533],[-79.60768,43.64494],[-79.60716,43.6447],[-79.6067,43.64469],[-79.60606,43.64481],[-79.60561,43.64483],[-79.60501,43.64447],[-79.60478,43.64443],[-79.60397,43.64451],[-79.60334,43.64471],[-79.60293,43.64469],[-79.60248,43.64453],[-79.60199,43.64413],[-79.60073,43.64392],[-79.59983,43.64384],[-79.59922,43.64369],[-79.59872,43.64328],[-79.59838,43.6431],[-79.59807,43.64311],[-79.59673,43.64304],[-79.59606,43.6431],[-79.59563,43.64321],[-79.59505,43.64347],[-79.59351,43.64441],[-79.5929,43.64465],[-79.59245,43.64472],[-79.59181,43.6446],[-79.59038,43.644],[-79.59007,43.64381],[-79.58931,43.64315],[-79.5887,43.64282],[-79.58824,43.64233],[-79.58808,43.64195],[-79.58824,43.6417],[-79.58822,43.64146],[-79.58738,43.64065],[-79.58707,43.64005],[-79.58694,43.63949],[-79.58629,43.6385],[-79.58562,43.6378],[-79.58535,43.63739],[-79.58526,43.63696],[-79.58605,43.63545],[-79.58599,43.63494],[-79.58559,43.63453],[-79.58551,43.63431],[-79.58583,43.63364],[-79.5857,43.63334],[-79.58535,43.6329],[-79.58511,43.63208],[-79.58506,43.63164],[-79.58514,43.63122],[-79.586,43.62974],[-79.586,43.62941],[-79.58559,43.62892],[-79.58497,43.62867],[-79.58374,43.62829],[-79.58241,43.62795],[-79.58178,43.62796],[-79.58111,43.6278],[-79.58059,43.62761],[-79.57971,43.62692],[-79.57739,43.62634],[-79.57675,43.62614],[-79.57558,43.62556],[-79.57506,43.62544],[-79.57451,43.62553],[-79.57369,43.62598],[-79.57246,43.62615],[-79.57057,43.62679],[-79.57022,43.62696],[-79.56979,43.62698],[-79.56859,43.62674],[-79.56817,43.62691],[-79.5677,43.62732],[-79.56744,43.62801],[-79.56686,43.62822],[-79.566,43.62824],[-79.56479,43.62816],[-79.56411,43.62799],[-79.5639,43.62778],[-79.56376,43.62703],[-79.56237,43.62734],[-79.56059,43.62772],[-79.55852,43.62812],[-79.55677,43.62853],[-79.55819,43.63214],[-79.55862,43.63342],[-79.55902,43.63449],[-79.55959,43.63624],[-79.55247,43.63795],[-79.54641,43.63935],[-79.54505,43.63967],[-79.54223,43.64026],[-79.53956,43.64089],[-79.53677,43.6415],[-79.53536,43.64179],[-79.5372,43.64601],[-79.53763,43.64697],[-79.53854,43.6491],[-79.5394,43.65098],[-79.53973,43.65186],[-79.54048,43.65356],[-79.5399,43.65356],[-79.53967,43.65387],[-79.54011,43.65438],[-79.54016,43.65481],[-79.53976,43.65506],[-79.53906,43.65522],[-79.53817,43.65515],[-79.53786,43.65498],[-79.53717,43.65421],[-79.53717,43.65399],[-79.53744,43.65342],[-79.53752,43.65291],[-79.53716,43.65263],[-79.53677,43.65256],[-79.53627,43.65261],[-79.53593,43.6525],[-79.53551,43.6525],[-79.53464,43.65216],[-79.5336,43.65212],[-79.53288,43.65214],[-79.53258,43.65208],[-79.5324,43.65187],[-79.53222,43.65082],[-79.53229,43.65038],[-79.53199,43.65004],[-79.53127,43.65002],[-79.53097,43.65016],[-79.53096,43.65068],[-79.53074,43.65089],[-79.529,43.65117],[-79.52791,43.65096],[-79.52722,43.65096],[-79.52655,43.65089],[-79.52556,43.65053],[-79.52474,43.64998],[-79.52375,43.64908],[-79.52312,43.64875],[-79.5224,43.64827],[-79.5214,43.64911],[-79.52067,43.64993],[-79.52021,43.65068],[-79.51878,43.65448],[-79.51748,43.65787],[-79.51596,43.65844],[-79.51485,43.65895],[-79.51046,43.66063],[-79.50825,43.66149],[-79.50719,43.66192],[-79.50552,43.66281],[-79.50617,43.66301],[-79.5066,43.66302],[-79.50709,43.66291],[-79.50884,43.66231],[-79.50929,43.66212],[-79.51025,43.66194],[-79.5113,43.66212],[-79.51221,43.66263],[-79.51258,43.66332],[-79.5128,43.66411],[-79.51305,43.66534],[-79.51308,43.66617],[-79.51299,43.66654],[-79.51253,43.66714],[-79.51179,43.66759],[-79.51146,43.6679],[-79.51127,43.66828],[-79.51134,43.66866],[-79.51174,43.66989],[-79.51187,43.67078],[-79.51209,43.67168],[-79.51225,43.67212],[-79.51243,43.67306],[-79.51244,43.67352],[-79.5123,43.67393],[-79.51205,43.67432],[-79.51122,43.67497],[-79.50924,43.67604],[-79.50852,43.67675],[-79.50828,43.67716],[-79.50789,43.67804],[-79.50724,43.67927],[-79.50694,43.6796],[-79.50576,43.68024],[-79.50553,43.68056],[-79.50547,43.68092],[-79.5057,43.68196],[-79.50597,43.68223],[-79.50641,43.68234],[-79.50745,43.68243],[-79.50845,43.68236],[-79.50889,43.68244],[-79.50925,43.68263],[-79.51001,43.68352],[-79.51028,43.68427],[-79.51065,43.68497],[-79.51097,43.68608],[-79.51126,43.6868],[-79.51162,43.68748],[-79.51215,43.68813],[-79.51255,43.68882],[-79.51296,43.69039],[-79.51311,43.69078],[-79.51331,43.69198],[-79.51329,43.69338],[-79.51282,43.69424],[-79.51265,43.69517],[-79.51203,43.69609],[-79.5119,43.69639],[-79.51196,43.69669],[-79.51225,43.69695],[-79.5131,43.69723],[-79.51354,43.69725],[-79.5143,43.69709],[-79.51505,43.69702],[-79.51634,43.6968],[-79.51719,43.69684],[-79.518,43.69695],[-79.51882,43.69712],[-79.51949,43.69747],[-79.52032,43.69825],[-79.52069,43.69875],[-79.52104,43.69953],[-79.52143,43.69987],[-79.52333,43.70069],[-79.52558,43.70142],[-79.52597,43.7016]]]},"properties":{"ward":2,"name":"Etobicoke Centre"}},
{"type":"Feature","geometry":{"type":"Polygon","coordinates":[[[-79.46462,43.69216],[-79.46422,43.6923],[-79.46343,43.69271],[-79.46305,43.69284],[-79.45968,43.69361],[-79.45853,43.69384],[-79.45157,43.69542],[-79.45028,43.69569],[-79.44769,43.69626],[-79.44733,43.69636],[-79.44531,43.69676],[-79.44026,43.69785],[-79.43832,43.69828],[-79.4299,43.70006],[-79.42761,43.70057],[-79.42314,43.70151],[-79.42089,43.702],[-79.41988,43.70219],[-79.41323,43.70361],[-79.40962,43.70436],[-79.40653,43.70502],[-79.40375,43.7056],[-79.40028,43.70635],[-79.39837,43.70673],[-79.39887,43.70909],[-79.399,43.70958],[-79.39929,43.71091],[-79.40011,43.71495],[-79.40044,43.71637],[-79.40085,43.71834],[-79.40114,43.71955],[-79.40119,43.71998],[-79.4014,43.72098],[-79.40181,43.7231],[-79.40184,43.72346],[-79.40207,43.72433],[-79.4022,43.7251],[-79.40284,43.72743],[-79.40329,43.72916],[-79.40376,43.73113],[-79.404,43.73197],[-79.40422,43.733],[-79.40453,43.73417],[-79.40514,43.73698],[-79.40561,43.73902],[-79.40625,43.74186],[-79.4065,43.7433],[-79.40686,43.74465],[-79.40704,43.74569],[-79.40765,43.74811],[-79.40811,43.74979],[-79.40817,43.75036],[-79.4081,43.75093],[-79.40809,43.75192],[-79.40821,43.75293],[-79.40839,43.75362],[-79.41145,43.75165],[-79.41414,43.74993],[-79.41464,43.74956],[-79.41538,43.74887],[-79.4168,43.74721],[-79.41765,43.74624],[-79.41825,43.74574],[-79.41986,43.74465],[-79.42372,43.74217],[-79.42666,43.74031],[-79.43105,43.7377],[-79.43626,43.73465],[-79.43992,43.73253],[-79.44136,43.73187],[-79.44238,43.73149],[-79.44371,43.73112],[-79.44928,43.72993],[-79.4567,43.72832],[-79.45789,43.72807],[-79.46268,43.72703],[-79.46615,43.72628],[-79.47004,43.72547],[-79.47257,43.72487],[-79.47207,43.72237],[-79.47011,43.71242],[-79.46978,43.7108],[-79.46884,43.70609],[-79.46851,43.70468],[-79.46797,43.70266],[-79.46655,43.69776],[-79.4655,43.69399],[-79.46503,43.69283],[-79.46462,43.69216]]]},"properties":{"ward":8,"name":"Eglinton-Lawrence"}},
{"type":"Feature","geometry":{"type":"Polygon","coordinates":[[[-79.38715,43.76331],[-79.37974,43.76487],[-79.37815,43.76517],[-79.37675,43.7654],[-79.37513,43.76563],[-79.37367,43.76577],[-79.37158,43.76594],[-79.36908,43.76606],[-79.36293,43.76634],[-79.36014,43.76646],[-79.35338,43.76678],[-79.35075,43.7669],[-79.34678,43.76713],[-79.34364,43.76731],[-79.34063,43.76749],[-79.3371,43.76773],[-79.33206,43.76804],[-79.32887,43.76822],[-79.32601,43.76832],[-79.32448,43.76835],[-79.31979,43.76836],[-79.3201,43.76906],[-79.32098,43.77075],[-79.32302,43.77524],[-79.32423,43.77788],[-79.32696,43.78365],[-79.32723,43.78424],[-79.32901,43.788],[-79.32959,43.78925],[-79.33079,43.79176],[-79.33183,43.79402],[-79.33341,43.79756],[-79.33512,43.80137],[-79.33538,43.80201],[-79.33841,43.80875],[-79.33886,43.8098],[-79.33979,43.81209],[-79.34132,43.81565],[-79.3422,43.81542],[-79.345,43.81479],[-79.34856,43.81397],[-79.35197,43.81322],[-79.35756,43.81192],[-79.36458,43.81031],[-79.36776,43.8096],[-79.37176,43.80865],[-79.37251,43.80851],[-79.3761,43.80771],[-79.3819,43.8064],[-79.38486,43.80577],[-79.3894,43.80476],[-79.39159,43.80429],[-79.39443,43.80365],[-79.39623,43.80327],[-79.39606,43.80281],[-79.39581,43.80187],[-79.39538,43.79995],[-79.39488,43.79793],[-79.39423,43.79513],[-79.3936,43.7923],[-79.39299,43.78923],[-79.39268,43.78771],[-79.39211,43.78476],[-79.39121,43.78063],[-79.39047,43.77741],[-79.38978,43.77433],[-79.38958,43.77348],[-79.38939,43.77255],[-79.38919,43.77165],[-79.38858,43.76906],[-79.38842,43.76819],[-79.38806,43.76659],[-79.38759,43.76482],[-79.38715,43.76331]]]},"properties":{"ward":17,"name":"Don Valley North"}},
{"type":"Feature","geometry":{"type":"Polygon","coordinates":[[[-79.33309,43.70337],[-79.3329,43.70493],[-79.33278,43.70531],[-79.33221,43.70585],[-79.33142,43.70626],[-79.33101,43.70633],[-79.33055,43.70629],[-79.33017,43.70636],[-79.32924,43.70724],[-79.32852,43.70775],[-79.32809,43.70795],[-79.32765,43.70804],[-79.32626,43.70822],[-79.32554,43.70852],[-79.32519,43.70882],[-79.32485,43.70957],[-79.32309,43.71021],[-79.32268,43.71027],[-79.32226,43.71019],[-79.32142,43.7103],[-79.32096,43.71029],[-79.31922,43.71078],[-79.31858,43.71122],[-79.31858,43.71151],[-79.31882,43.7118],[-79.31919,43.71244],[-79.31955,43.7126],[-79.31995,43.71257],[-79.32025,43.71239],[-79.32068,43.71228],[-79.32136,43.71226],[-79.32159,43.7126],[-79.32065,43.71344],[-79.3203,43.71363],[-79.3203,43.71395],[-79.32073,43.71406],[-79.32091,43.71433],[-79.32088,43.71458],[-79.32025,43.71461],[-79.32001,43.71485],[-79.31998,43.71518],[-79.32007,43.71556],[-79.3195,43.71563],[-79.31335,43.71699],[-79.31199,43.71727],[-79.30679,43.71842],[-79.30447,43.71891],[-79.30059,43.71979],[-79.30166,43.72227],[-79.30265,43.72472],[-79.30399,43.7279],[-79.30451,43.72919],[-79.30743,43.73627],[-79.30833,43.73849],[-79.30935,43.74092],[-79.31003,43.74272],[-79.31058,43.74438],[-79.31141,43.74673],[-79.31197,43.74843],[-79.31243,43.74974],[-79.31326,43.75221],[-79.3138,43.75373],[-79.31525,43.75787],[-79.31562,43.75877],[-79.31724,43.76238],[-79.31753,43.76302],[-79.31816,43.76452],[-79.3186,43.76542],[-79.31938,43.76743],[-79.31979,43.76836],[-79.32448,43.76835],[-79.32601,43.76832],[-79.32887,43.76822],[-79.33206,43.76804],[-79.3371,43.76773],[-79.34063,43.76749],[-79.34364,43.76731],[-79.34678,43.76713],[-79.35075,43.7669],[-79.35338,43.76678],[-79.36014,43.76646],[-79.36293,43.76634],[-79.36228,43.76546],[-79.36194,43.76456],[-79.36191,43.76356],[-79.36192,43.76169],[-79.36165,43.7603],[-79.36127,43.75872],[-79.36077,43.75644],[-79.35997,43.75295],[-79.35873,43.74708],[-79.35852,43.74598],[-79.35833,43.74515],[-79.35736,43.74049],[-79.35688,43.73831],[-79.35583,43.73382],[-79.35571,43.73326],[-79.35527,43.73173],[-79.35486,43.73097],[-79.35431,43.73031],[-79.35322,43.72922],[-79.35223,43.72814],[-79.35143,43.72739],[-79.34995,43.7262],[-79.3493,43.7254],[-79.34897,43.72474],[-79.34886,43.72423],[-79.34882,43.72361],[-79.34887,43.72318],[-79.34914,43.7223],[-79.35019,43.71952],[-79.35043,43.71848],[-79.35033,43.71777],[-79.34998,43.7171],[-79.35113,43.71669],[-79.35263,43.71623],[-79.35249,43.71615],[-79.35232,43.71573],[-79.35209,43.71566],[-79.35108,43.7157],[-79.35002,43.71586],[-79.34989,43.71603],[-79.34892,43.71631],[-79.34823,43.71619],[-79.3466,43.71606],[-79.34639,43.71591],[-79.34634,43.71548],[-79.3462,43.71527],[-79.34579,43.71507],[-79.3453,43.71522],[-79.34494,43.71522],[-79.34473,43.71478],[-79.34446,43.71455],[-79.34378,43.71428],[-79.34344,43.71408],[-79.3431,43.71356],[-79.34286,43.71335],[-79.34213,43.71313],[-79.34148,43.71278],[-79.34076,43.71269],[-79.34021,43.713],[-79.33985,43.71301],[-79.33953,43.71279],[-79.33949,43.71249],[-79.34029,43.7117],[-79.34028,43.71137],[-79.34005,43.71105],[-79.33944,43.71071],[-79.33939,43.71014],[-79.33859,43.7098],[-79.33826,43.70952],[-79.33801,43.70918],[-79.33791,43.70888],[-79.33632,43.70929],[-79.33588,43.70943],[-79.33509,43.70983],[-79.33439,43.71],[-79.3341,43.70934],[-79.33384,43.70851],[-79.3337,43.70758],[-79.33371,43.70664],[-79.33393,43.70532],[-79.33422,43.70406],[-79.33437,43.70365],[-79.33469,43.70308],[-79.33416,43.70301],[-79.33344,43.70307],[-79.33309,43.70337]]]},"properties":{"ward":16,"name":"Don Valley East"}},
{"type":"Feature","geometry":{"type":"Polygon","coordinates":[[[-79.4294,43.67097],[-79.43098,43.67472],[-79.43023,43.67474],[-79.43183,43.67861],[-79.4327,43.6808],[-79.43298,43.68097],[-79.43382,43.68302],[-79.43373,43.68318],[-79.43331,43.68334],[-79.43378,43.6845],[-79.43378,43.6849],[-79.43464,43.6871],[-79.43551,43.6869],[-79.43582,43.68689],[-79.43826,43.68636],[-79.43842,43.68637],[-79.43869,43.68713],[-79.44063,43.68671],[-79.44397,43.68603],[-79.44612,43.68557],[-79.44642,43.68625],[-79.44682,43.68727],[-79.44895,43.69255],[-79.45028,43.69569],[-79.45157,43.69542],[-79.45853,43.69384],[-79.45968,43.69361],[-79.46305,43.69284],[-79.46343,43.69271],[-79.46422,43.6923],[-79.46462,43.69216],[-79.46376,43.69075],[-79.46315,43.68956],[-79.46293,43.68898],[-79.46183,43.68468],[-79.46157,43.68381],[-79.4613,43.68324],[-79.46654,43.68206],[-79.46745,43.68189],[-79.4676,43.68171],[-79.46645,43.6806],[-79.47056,43.6797],[-79.47038,43.67929],[-79.46952,43.67687],[-79.46871,43.67614],[-79.46614,43.67343],[-79.46005,43.66723],[-79.44987,43.65688],[-79.44642,43.65336],[-79.44405,43.65092],[-79.44345,43.65038],[-79.44224,43.64938],[-79.4408,43.64837],[-79.43993,43.64785],[-79.43888,43.6473],[-79.43654,43.64619],[-79.43443,43.64524],[-79.42941,43.64288],[-79.42821,43.64231],[-79.42749,43.64193],[-79.4267,43.64161],[-79.42563,43.64128],[-79.42439,43.64099],[-79.42267,43.64071],[-79.4214,43.64061],[-79.42142,43.64082],[-79.42241,43.64349],[-79.42475,43.64944],[-79.42078,43.64933],[-79.42109,43.65018],[-79.42235,43.6535],[-79.4237,43.65698],[-79.42566,43.66198],[-79.42757,43.66652],[-79.4294,43.67097]]]},"properties":{"ward":9,"name":"Davenport"}},
{"type":"Feature","geometry":{"type":"Polygon","coordinates":[[[-79.35971,43.67046],[-79.36049,43.67003],[-79.36126,43.67005],[-79.36171,43.67024],[-79.36587,43.67164],[-79.36622,43.67171],[-79.36776,43.67169],[-79.36853,43.67191],[-79.36913,43.67227],[-79.36992,43.67258],[-79.3704,43.67267],[-79.37361,43.67294],[-79.37442,43.67305],[-79.37551,43.67302],[-79.37654,43.67313],[-79.37715,43.67315],[-79.37685,43.67236],[-79.37947,43.67183],[-79.37937,43.67126],[-79.3796,43.67054],[-79.37991,43.66997],[-79.38433,43.66902],[-79.3856,43.66874],[-79.38616,43.66874],[-79.38865,43.66822],[-79.38887,43.6682],[-79.38772,43.66564],[-79.38678,43.66336],[-79.38638,43.66247],[-79.38613,43.66179],[-79.3861,43.66147],[-79.38585,43.66082],[-79.38311,43.66137],[-79.3828,43.66058],[-79.38137,43.65742],[-79.38093,43.65633],[-79.38377,43.65572],[-79.38264,43.65297],[-79.38234,43.65215],[-79.38155,43.6517],[-79.38081,43.64989],[-79.37973,43.64733],[-79.37913,43.64599],[-79.37803,43.64623],[-79.37754,43.64647],[-79.37697,43.64688],[-79.3765,43.64578],[-79.37528,43.64636],[-79.37331,43.64726],[-79.37174,43.64804],[-79.36849,43.64877],[-79.36611,43.64933],[-79.36394,43.64981],[-79.36354,43.65011],[-79.36343,43.64995],[-79.36231,43.6502],[-79.36214,43.6502],[-79.35739,43.65133],[-79.35262,43.65244],[-79.35201,43.6525],[-79.35147,43.65283],[-79.35119,43.65313],[-79.35097,43.65371],[-79.35038,43.65367],[-79.35018,43.65318],[-79.34952,43.6536],[-79.35174,43.65557],[-79.35353,43.65705],[-79.35421,43.65766],[-79.3544,43.65803],[-79.35473,43.65931],[-79.35517,43.66071],[-79.35548,43.66185],[-79.35635,43.66467],[-79.35732,43.66819],[-79.35751,43.66865],[-79.35781,43.66901],[-79.35854,43.66956],[-79.35933,43.67006],[-79.35971,43.67046]]]},"properties":{"ward":13,"name":"Toronto Centre"}},
{"type":"Feature","geometry":{"type":"Polygon","coordinates":[[[-79.46462,43.69216],[-79.46503,43.69283],[-79.4655,43.69399],[-79.46655,43.69776],[-79.46797,43.70266],[-79.46851,43.70468],[-79.46884,43.70609],[-79.46978,43.7108],[-79.47011,43.71242],[-79.47207,43.72237],[-79.47257,43.72487],[-79.48511,43.7218],[-79.48829,43.72103],[-79.48941,43.72073],[-79.49141,43.72029],[-79.49978,43.7188],[-79.50208,43.71841],[-79.50385,43.71822],[-79.50783,43.71776],[-79.51563,43.71687],[-79.52046,43.71636],[-79.5231,43.71609],[-79.52471,43.71591],[-79.52684,43.71554],[-79.53221,43.71433],[-79.53784,43.71299],[-79.53794,43.7124],[-79.5384,43.71182],[-79.53913,43.71138],[-79.5396,43.71071],[-79.53957,43.71034],[-79.53933,43.70966],[-79.5389,43.709],[-79.53813,43.70849],[-79.53741,43.70826],[-79.53629,43.70834],[-79.53591,43.7082],[-79.53566,43.70789],[-79.53547,43.70715],[-79.53544,43.70678],[-79.5356,43.70569],[-79.53572,43.70532],[-79.53595,43.70499],[-79.53596,43.70459],[-79.53544,43.70448],[-79.53502,43.70455],[-79.53413,43.70483],[-79.53317,43.70501],[-79.53219,43.70497],[-79.53116,43.70478],[-79.53074,43.70458],[-79.5301,43.70403],[-79.52972,43.70382],[-79.52917,43.70325],[-79.52903,43.7029],[-79.52857,43.70242],[-79.52774,43.70223],[-79.52665,43.70189],[-79.52609,43.70165],[-79.52558,43.70142],[-79.52333,43.70069],[-79.52143,43.69987],[-79.52104,43.69953],[-79.52069,43.69875],[-79.52032,43.69825],[-79.51949,43.69747],[-79.51882,43.69712],[-79.518,43.69695],[-79.51719,43.69684],[-79.51634,43.6968],[-79.51505,43.69702],[-79.5143,43.69709],[-79.51354,43.69725],[-79.5131,43.69723],[-79.51225,43.69695],[-79.51196,43.69669],[-79.5119,43.69639],[-79.51203,43.69609],[-79.51265,43.69517],[-79.51282,43.69424],[-79.51329,43.69338],[-79.51331,43.69198],[-79.51311,43.69078],[-79.51296,43.69039],[-79.51255,43.68882],[-79.51215,43.68813],[-79.51162,43.68748],[-79.51126,43.6868],[-79.51097,43.68608],[-79.51065,43.68497],[-79.51028,43.68427],[-79.51001,43.68352],[-79.50925,43.68263],[-79.50889,43.68244],[-79.50845,43.68236],[-79.50745,43.68243],[-79.50641,43.68234],[-79.50597,43.68223],[-79.5057,43.68196],[-79.50547,43.68092],[-79.50553,43.68056],[-79.50576,43.68024],[-79.50694,43.6796],[-79.50724,43.67927],[-79.50789,43.67804],[-79.50828,43.67716],[-79.50852,43.67675],[-79.50924,43.67604],[-79.51122,43.67497],[-79.51205,43.67432],[-79.5123,43.67393],[-79.51244,43.67352],[-79.51243,43.67306],[-79.51225,43.67212],[-79.51209,43.67168],[-79.51187,43.67078],[-79.51174,43.66989],[-79.51134,43.66866],[-79.51127,43.66828],[-79.51146,43.6679],[-79.51179,43.66759],[-79.51253,43.66714],[-79.51299,43.66654],[-79.51308,43.66617],[-79.51305,43.66534],[-79.5128,43.66411],[-79.51258,43.66332],[-79.51221,43.66263],[-79.51172,43.66302],[-79.51115,43.66355],[-79.50998,43.66433],[-79.50878,43.66489],[-79.50762,43.66522],[-79.50654,43.66539],[-79.50562,43.66547],[-79.50022,43.66581],[-79.49144,43.66629],[-79.48818,43.6665],[-79.48264,43.66683],[-79.48053,43.66699],[-79.47498,43.66729],[-79.47288,43.66736],[-79.47183,43.66733],[-79.46615,43.66727],[-79.46536,43.6673],[-79.46005,43.66723],[-79.46614,43.67343],[-79.46871,43.67614],[-79.46952,43.67687],[-79.47038,43.67929],[-79.47056,43.6797],[-79.46645,43.6806],[-79.4676,43.68171],[-79.46745,43.68189],[-79.46654,43.68206],[-79.4613,43.68324],[-79.46157,43.68381],[-79.46183,43.68468],[-79.46293,43.68898],[-79.46315,43.68956],[-79.46376,43.69075],[-79.46462,43.69216]]]},"properties":{"ward":5,"name":"York South-Weston"}},
{"type":"Feature","geometry":{"type":"Polygon","coordinates":[[[-79.31492,43.66197],[-79.31487,43.66227],[-79.31692,43.66716],[-79.31758,43.6687],[-79.31839,43.67073],[-79.31931,43.67291],[-79.3202,43.67507],[-79.32184,43.67911],[-79.32246,43.68051],[-79.32274,43.68122],[-79.32466,43.68579],[-79.32497,43.6866],[-79.3256,43.68805],[-79.3262,43.68967],[-79.32802,43.69414],[-79.32878,43.69594],[-79.32956,43.69794],[-79.3296,43.69827],[-79.32893,43.69908],[-79.3271,43.7015],[-79.32736,43.70144],[-79.32817,43.70152],[-79.32895,43.70154],[-79.32965,43.70167],[-79.33029,43.70157],[-79.3313,43.70166],[-79.33161,43.70176],[-79.33182,43.70199],[-79.33189,43.70253],[-79.33212,43.70304],[-79.33259,43.70331],[-79.33309,43.70337],[-79.33344,43.70307],[-79.33416,43.70301],[-79.33469,43.70308],[-79.33542,43.7032],[-79.33659,43.70271],[-79.33725,43.70216],[-79.33909,43.70126],[-79.33973,43.70063],[-79.34048,43.69999],[-79.34137,43.69946],[-79.34184,43.69924],[-79.34287,43.69902],[-79.34375,43.69849],[-79.34445,43.69826],[-79.34546,43.69836],[-79.34582,43.69848],[-79.34661,43.69895],[-79.34734,43.69915],[-79.34837,43.69993],[-79.34871,43.7],[-79.34938,43.69998],[-79.35012,43.69986],[-79.35041,43.69965],[-79.3506,43.69935],[-79.3511,43.69887],[-79.35147,43.69873],[-79.35275,43.6986],[-79.35353,43.69835],[-79.35466,43.69823],[-79.35502,43.69805],[-79.35582,43.69731],[-79.356,43.69706],[-79.35609,43.69643],[-79.3562,43.69615],[-79.35661,43.69564],[-79.35693,43.69542],[-79.35766,43.69527],[-79.35884,43.69555],[-79.35924,43.69552],[-79.36,43.69531],[-79.36065,43.69495],[-79.36167,43.69418],[-79.36185,43.69384],[-79.36176,43.69348],[-79.36125,43.69278],[-79.36006,43.69199],[-79.35994,43.69163],[-79.36005,43.69129],[-79.3605,43.69067],[-79.36168,43.68886],[-79.36217,43.68847],[-79.36237,43.68835],[-79.36256,43.68801],[-79.36253,43.68761],[-79.36238,43.6872],[-79.36173,43.68595],[-79.36165,43.68554],[-79.36185,43.68473],[-79.36209,43.68437],[-79.36278,43.68379],[-79.36339,43.68321],[-79.36425,43.68293],[-79.36465,43.68274],[-79.36583,43.68199],[-79.36617,43.68172],[-79.36637,43.6814],[-79.36634,43.68103],[-79.36611,43.68069],[-79.36443,43.67941],[-79.36373,43.6788],[-79.3636,43.67843],[-79.3636,43.67806],[-79.36411,43.67748],[-79.36483,43.67701],[-79.36496,43.67673],[-79.36433,43.67623],[-79.36339,43.67532],[-79.36299,43.67481],[-79.36288,43.6744],[-79.36304,43.67369],[-79.36295,43.67324],[-79.36258,43.67303],[-79.36205,43.67291],[-79.36157,43.67268],[-79.36053,43.67197],[-79.36013,43.67139],[-79.35971,43.67046],[-79.35933,43.67006],[-79.35854,43.66956],[-79.35781,43.66901],[-79.35751,43.66865],[-79.35732,43.66819],[-79.35635,43.66467],[-79.35548,43.66185],[-79.35517,43.66071],[-79.35473,43.65931],[-79.3544,43.65803],[-79.35421,43.65766],[-79.35353,43.65705],[-79.35174,43.65557],[-79.34952,43.6536],[-79.34773,43.65142],[-79.3473,43.65075],[-79.34765,43.65042],[-79.35435,43.64765],[-79.35936,43.6455],[-79.35985,43.6453],[-79.35368,43.63807],[-79.34965,43.63339],[-79.34708,43.6332],[-79.34703,43.63417],[-79.34691,43.63453],[-79.34656,43.63472],[-79.34551,43.63499],[-79.34506,43.63554],[-79.3442,43.63621],[-79.34382,43.63671],[-79.34324,43.63724],[-79.34242,43.63772],[-79.3416,43.638],[-79.34158,43.63841],[-79.34131,43.63866],[-79.34065,43.63911],[-79.3404,43.6392],[-79.33921,43.63938],[-79.33786,43.63936],[-79.33741,43.6394],[-79.33651,43.63921],[-79.33639,43.63941],[-79.33699,43.63976],[-79.33735,43.64007],[-79.33737,43.64034],[-79.33614,43.64149],[-79.33557,43.64195],[-79.33525,43.6421],[-79.33529,43.64227],[-79.33458,43.64294],[-79.33386,43.64356],[-79.33353,43.64395],[-79.33307,43.64429],[-79.33234,43.64496],[-79.33128,43.64563],[-79.33096,43.64588],[-79.33045,43.64659],[-79.32946,43.64708],[-79.32887,43.64741],[-79.32821,43.64764],[-79.3273,43.64724],[-79.32739,43.64705],[-79.32674,43.64685],[-79.32659,43.64696],[-79.3258,43.64684],[-79.3256,43.64657],[-79.32536,43.64563],[-79.32589,43.64497],[-79.32682,43.64398],[-79.3273,43.644],[-79.32824,43.64435],[-79.32836,43.64412],[-79.32788,43.64394],[-79.32735,43.64355],[-79.32716,43.64328],[-79.3271,43.64281],[-79.3272,43.64249],[-79.3276,43.64217],[-79.32741,43.64177],[-79.32744,43.64154],[-79.32768,43.64119],[-79.328,43.64102],[-79.32866,43.64086],[-79.32856,43.64063],[-79.32891,43.64011],[-79.32942,43.63986],[-79.32987,43.6398],[-79.32973,43.63945],[-79.33008,43.63896],[-79.33041,43.63881],[-79.33086,43.6388],[-79.33091,43.63866],[-79.33051,43.63853],[-79.3303,43.63827],[-79.33023,43.63789],[-79.32977,43.63749],[-79.32965,43.63715],[-79.32948,43.63706],[-79.32892,43.63726],[-79.32859,43.63767],[-79.32886,43.63811],[-79.32822,43.63878],[-79.32773,43.63922],[-79.32714,43.63986],[-79.32679,43.64036],[-79.32659,43.64046],[-79.32624,43.64028],[-79.32506,43.6399],[-79.32475,43.6402],[-79.3263,43.6408],[-79.32533,43.64227],[-79.32446,43.64425],[-79.32458,43.6444],[-79.32432,43.64521],[-79.32168,43.64482],[-79.32158,43.64472],[-79.32174,43.64375],[-79.32195,43.6433],[-79.32211,43.64242],[-79.32236,43.64146],[-79.32262,43.64121],[-79.3226,43.64047],[-79.32281,43.6395],[-79.32299,43.63898],[-79.32297,43.63828],[-79.3234,43.63753],[-79.32409,43.63694],[-79.32447,43.63646],[-79.32533,43.63588],[-79.32591,43.63578],[-79.32618,43.63558],[-79.32633,43.63529],[-79.32632,43.635],[-79.32696,43.63489],[-79.32751,43.63451],[-79.3281,43.63435],[-79.32858,43.63392],[-79.32909,43.63363],[-79.32895,43.63344],[-79.32846,43.63382],[-79.32824,43.63389],[-79.32771,43.63429],[-79.3272,43.63434],[-79.32661,43.6346],[-79.32622,43.63457],[-79.32562,43.63422],[-79.32559,43.63379],[-79.32573,43.63337],[-79.32637,43.63271],[-79.32646,43.63217],[-79.32661,43.63187],[-79.32695,43.63169],[-79.32756,43.63172],[-79.32826,43.63193],[-79.32875,43.63198],[-79.32901,43.63209],[-79.3292,43.63241],[-79.32889,43.63288],[-79.32858,43.63318],[-79.32938,43.63329],[-79.32965,43.63301],[-79.32998,43.63285],[-79.33056,43.63278],[-79.33144,43.63228],[-79.33229,43.63192],[-79.3333,43.63158],[-79.33423,43.63166],[-79.33456,43.63161],[-79.3349,43.63088],[-79.33542,43.63063],[-79.33596,43.63007],[-79.33634,43.62992],[-79.33645,43.62933],[-79.33615,43.62909],[-79.33589,43.6294],[-79.33537,43.62967],[-79.33498,43.62972],[-79.33451,43.62946],[-79.33398,43.62942],[-79.33372,43.62966],[-79.33391,43.63018],[-79.3337,43.63051],[-79.33279,43.63069],[-79.33251,43.63056],[-79.33266,43.63024],[-79.33195,43.63049],[-79.33152,43.63119],[-79.33135,43.63126],[-79.33003,43.63129],[-79.32891,43.63094],[-79.32866,43.63067],[-79.32879,43.63017],[-79.32924,43.62956],[-79.3296,43.62887],[-79.32997,43.62833],[-79.33036,43.62816],[-79.33065,43.62815],[-79.33085,43.62781],[-79.33111,43.62769],[-79.33152,43.62727],[-79.33148,43.62688],[-79.33158,43.6266],[-79.33108,43.62629],[-79.33099,43.62613],[-79.33136,43.62581],[-79.33223,43.62609],[-79.33258,43.62592],[-79.33312,43.62593],[-79.33363,43.62572],[-79.33397,43.62575],[-79.33423,43.62597],[-79.33424,43.62531],[-79.33444,43.62514],[-79.33487,43.62525],[-79.33543,43.62569],[-79.33576,43.62635],[-79.33561,43.62654],[-79.33491,43.62708],[-79.33499,43.62743],[-79.3359,43.62757],[-79.33654,43.62748],[-79.33689,43.62751],[-79.33732,43.62782],[-79.3375,43.6284],[-79.33736,43.62881],[-79.33769,43.62908],[-79.33818,43.62889],[-79.33867,43.62909],[-79.33923,43.62941],[-79.3394,43.62918],[-79.33838,43.62774],[-79.33824,43.62739],[-79.3379,43.62698],[-79.33731,43.62592],[-79.33703,43.62484],[-79.33713,43.62433],[-79.3374,43.62386],[-79.33803,43.62316],[-79.33763,43.62298],[-79.33715,43.62326],[-79.33706,43.62301],[-79.33737,43.62292],[-79.33775,43.62257],[-79.33849,43.62216],[-79.33901,43.62223],[-79.33916,43.62256],[-79.33886,43.62297],[-79.33961,43.62303],[-79.34036,43.62355],[-79.34053,43.62377],[-79.34032,43.62407],[-79.34122,43.62367],[-79.34168,43.62337],[-79.34238,43.62323],[-79.34288,43.62345],[-79.34323,43.62334],[-79.34315,43.62311],[-79.34283,43.62283],[-79.34256,43.62276],[-79.34224,43.62286],[-79.34114,43.62245],[-79.34112,43.62207],[-79.34058,43.62165],[-79.34006,43.62149],[-79.33976,43.62121],[-79.33965,43.62087],[-79.33975,43.62051],[-79.34005,43.62018],[-79.34069,43.61972],[-79.34123,43.6195],[-79.34213,43.61936],[-79.34271,43.61951],[-79.34287,43.61986],[-79.34278,43.62024],[-79.34298,43.62122],[-79.34332,43.62171],[-79.34314,43.622],[-79.34346,43.6222],[-79.34407,43.62233],[-79.34427,43.62229],[-79.34468,43.62193],[-79.34505,43.62177],[-79.34394,43.62113],[-79.34356,43.62075],[-79.34338,43.62035],[-79.34344,43.61972],[-79.34373,43.61923],[-79.34467,43.61843],[-79.34477,43.61803],[-79.34436,43.61772],[-79.34377,43.61673],[-79.34369,43.61622],[-79.34369,43.61533],[-79.34383,43.61486],[-79.34394,43.61391],[-79.34412,43.61326],[-79.34392,43.61298],[-79.34343,43.61273],[-79.34297,43.61282],[-79.34273,43.6131],[-79.34252,43.61364],[-79.34206,43.61446],[-79.34162,43.61487],[-79.34095,43.61513],[-79.34065,43.6156],[-79.33968,43.61684],[-79.33908,43.61742],[-79.33895,43.61764],[-79.33823,43.61832],[-79.33752,43.61889],[-79.3371,43.61914],[-79.33607,43.61943],[-79.33541,43.61941],[-79.33513,43.61934],[-79.33485,43.61944],[-79.33481,43.61967],[-79.33455,43.61988],[-79.33389,43.62014],[-79.33243,43.62042],[-79.33067,43.62033],[-79.32952,43.62009],[-79.32825,43.61963],[-79.32797,43.61945],[-79.32772,43.61891],[-79.3272,43.61884],[-79.32696,43.61904],[-79.32671,43.61957],[-79.32679,43.62011],[-79.32698,43.62033],[-79.32738,43.62051],[-79.32866,43.62132],[-79.32864,43.62167],[-79.3277,43.62192],[-79.32743,43.62191],[-79.32657,43.62207],[-79.32603,43.62208],[-79.32548,43.62198],[-79.32483,43.62158],[-79.32488,43.62096],[-79.32516,43.62049],[-79.32503,43.61961],[-79.32505,43.61942],[-79.32565,43.61852],[-79.32631,43.61812],[-79.32703,43.61798],[-79.32729,43.61765],[-79.32707,43.61747],[-79.32644,43.61754],[-79.32576,43.61776],[-79.32531,43.61779],[-79.32461,43.61759],[-79.32405,43.61727],[-79.32354,43.61734],[-79.32349,43.61763],[-79.32411,43.61813],[-79.32423,43.61836],[-79.32426,43.61888],[-79.32406,43.62085],[-79.32385,43.62166],[-79.32371,43.62189],[-79.32337,43.62214],[-79.32294,43.62228],[-79.32195,43.62225],[-79.3219,43.62261],[-79.32237,43.62264],[-79.32274,43.62277],[-79.32312,43.62307],[-79.32314,43.62399],[-79.32301,43.62467],[-79.32282,43.62532],[-79.32243,43.62566],[-79.32151,43.62578],[-79.32157,43.62607],[-79.32246,43.62621],[-79.3227,43.6267],[-79.32248,43.62827],[-79.32234,43.62882],[-79.32211,43.62913],[-79.32129,43.62921],[-79.32119,43.62947],[-79.32177,43.62954],[-79.3222,43.6297],[-79.32237,43.6301],[-79.32205,43.63223],[-79.32189,43.63274],[-79.32153,43.63293],[-79.32103,43.63307],[-79.32092,43.63334],[-79.32145,43.63359],[-79.32251,43.63398],[-79.32311,43.63446],[-79.32317,43.63477],[-79.32295,43.6357],[-79.32283,43.63586],[-79.32251,43.63689],[-79.32222,43.63734],[-79.32161,43.63777],[-79.3216,43.63811],[-79.3219,43.63849],[-79.32206,43.63891],[-79.32178,43.63968],[-79.3212,43.6411],[-79.32064,43.64178],[-79.32068,43.64202],[-79.32127,43.64239],[-79.3213,43.64269],[-79.32084,43.6442],[-79.32054,43.64492],[-79.32034,43.64554],[-79.31988,43.64587],[-79.31978,43.64611],[-79.32002,43.64658],[-79.32007,43.64697],[-79.31994,43.64796],[-79.32,43.64823],[-79.32022,43.64841],[-79.3201,43.64939],[-79.31988,43.65007],[-79.31963,43.65112],[-79.31946,43.6516],[-79.3184,43.65346],[-79.31801,43.65433],[-79.31751,43.65492],[-79.31683,43.65557],[-79.316,43.65609],[-79.31604,43.65638],[-79.31623,43.65672],[-79.31675,43.6573],[-79.31616,43.6576],[-79.31529,43.65753],[-79.31475,43.65737],[-79.31372,43.65757],[-79.31314,43.65792],[-79.31314,43.65807],[-79.31434,43.65891],[-79.31507,43.65925],[-79.31605,43.65989],[-79.31707,43.66079],[-79.31711,43.66147],[-79.31492,43.66197]]]},"properties":{"ward":14,"name":"Toronto-Danforth"}},
{"type":"Feature","geometry":{"type":"Polygon","coordinates":[[[-79.38377,43.65572],[-79.38831,43.65479],[-79.38873,43.6548],[-79.39,43.65451],[-79.39055,43.6545],[-79.39146,43.65433],[-79.39386,43.65382],[-79.39727,43.65312],[-79.39922,43.65268],[-79.40034,43.65245],[-79.40227,43.65203],[-79.40375,43.65174],[-79.404,43.65177],[-79.40536,43.65236],[-79.40602,43.65231],[-79.40849,43.65179],[-79.4116,43.65118],[-79.4135,43.65078],[-79.41599,43.6503],[-79.41707,43.65007],[-79.42078,43.64933],[-79.42475,43.64944],[-79.42241,43.64349],[-79.42142,43.64082],[-79.4214,43.64061],[-79.42267,43.64071],[-79.42439,43.64099],[-79.42563,43.64128],[-79.4267,43.64161],[-79.42749,43.64193],[-79.42821,43.64231],[-79.42864,43.64221],[-79.42801,43.6406],[-79.42542,43.63388],[-79.42779,43.63322],[-79.42871,43.63291],[-79.42865,43.63278],[-79.42817,43.63095],[-79.42778,43.62979],[-79.42721,43.62972],[-79.42596,43.62966],[-79.4237,43.62985],[-79.42014,43.63013],[-79.4187,43.6295],[-79.41843,43.6295],[-79.41803,43.62823],[-79.4184,43.62816],[-79.41867,43.62796],[-79.41903,43.62787],[-79.41935,43.62815],[-79.41915,43.62849],[-79.41942,43.6287],[-79.4194,43.62919],[-79.41963,43.62932],[-79.42005,43.62925],[-79.42247,43.62906],[-79.42217,43.62868],[-79.42205,43.62839],[-79.42212,43.62813],[-79.42254,43.62773],[-79.42239,43.62746],[-79.42201,43.62742],[-79.42138,43.62754],[-79.42046,43.62723],[-79.42001,43.62676],[-79.41946,43.62689],[-79.41822,43.62649],[-79.41668,43.62628],[-79.41502,43.6264],[-79.41492,43.62655],[-79.41652,43.6264],[-79.41818,43.62661],[-79.41863,43.62675],[-79.41838,43.62703],[-79.41812,43.62707],[-79.41775,43.62691],[-79.41783,43.62734],[-79.41733,43.62792],[-79.4162,43.6281],[-79.4161,43.62786],[-79.41563,43.62764],[-79.41546,43.62706],[-79.41437,43.62718],[-79.41366,43.62699],[-79.41331,43.62702],[-79.41281,43.62735],[-79.41226,43.62739],[-79.41146,43.6273],[-79.41105,43.62738],[-79.41038,43.6278],[-79.41003,43.62833],[-79.41024,43.62914],[-79.40988,43.62939],[-79.40915,43.62952],[-79.40905,43.62978],[-79.40928,43.63021],[-79.40947,43.63082],[-79.40946,43.63102],[-79.40999,43.63094],[-79.40999,43.63115],[-79.40963,43.63122],[-79.40879,43.6317],[-79.40862,43.63307],[-79.40665,43.63285],[-79.40506,43.63312],[-79.40294,43.63147],[-79.40288,43.63119],[-79.40233,43.63104],[-79.40201,43.63118],[-79.39886,43.63288],[-79.39792,43.63336],[-79.39828,43.63296],[-79.39785,43.63268],[-79.39877,43.63155],[-79.40141,43.63012],[-79.4028,43.62934],[-79.4049,43.62784],[-79.40469,43.62728],[-79.40429,43.62644],[-79.40335,43.62666],[-79.40233,43.62603],[-79.40136,43.62539],[-79.39989,43.62433],[-79.39961,43.62403],[-79.39851,43.62318],[-79.39802,43.62258],[-79.39673,43.62167],[-79.3955,43.62073],[-79.3952,43.62045],[-79.39447,43.61986],[-79.39343,43.61871],[-79.39342,43.61855],[-79.39284,43.61788],[-79.39192,43.61665],[-79.39161,43.61611],[-79.39156,43.61548],[-79.39161,43.61506],[-79.39085,43.61451],[-79.39046,43.61406],[-79.38994,43.61366],[-79.3899,43.6133],[-79.38961,43.61304],[-79.38986,43.61255],[-79.38976,43.6123],[-79.38896,43.61198],[-79.38807,43.61212],[-79.38681,43.6121],[-79.38605,43.61202],[-79.3849,43.61196],[-79.38402,43.61201],[-79.38303,43.61221],[-79.38206,43.61226],[-79.38164,43.61248],[-79.38087,43.61311],[-79.38054,43.6132],[-79.37976,43.6137],[-79.37899,43.61377],[-79.37796,43.61406],[-79.37708,43.61447],[-79.37608,43.61444],[-79.37556,43.61471],[-79.37533,43.61493],[-79.37433,43.61547],[-79.37371,43.61585],[-79.37234,43.61647],[-79.37194,43.61634],[-79.37157,43.61648],[-79.37153,43.61674],[-79.37117,43.61715],[-79.37076,43.61735],[-79.37049,43.6176],[-79.36992,43.61777],[-79.36963,43.61799],[-79.36759,43.6189],[-79.36698,43.61905],[-79.36645,43.61934],[-79.36452,43.6207],[-79.36332,43.62159],[-79.36209,43.6224],[-79.36018,43.62376],[-79.35893,43.62463],[-79.35782,43.62545],[-79.35678,43.62641],[-79.35594,43.62731],[-79.35518,43.62842],[-79.35455,43.62958],[-79.35441,43.62977],[-79.35327,43.62988],[-79.35212,43.62988],[-79.35099,43.62982],[-79.34976,43.62964],[-79.34953,43.63091],[-79.34939,43.63102],[-79.35028,43.63177],[-79.35252,43.63371],[-79.34965,43.63339],[-79.35368,43.63807],[-79.35985,43.6453],[-79.35936,43.6455],[-79.35435,43.64765],[-79.34765,43.65042],[-79.3473,43.65075],[-79.34773,43.65142],[-79.34952,43.6536],[-79.35018,43.65318],[-79.35038,43.65367],[-79.35097,43.65371],[-79.35119,43.65313],[-79.35147,43.65283],[-79.35201,43.6525],[-79.35262,43.65244],[-79.35739,43.65133],[-79.36214,43.6502],[-79.36231,43.6502],[-79.36343,43.64995],[-79.36354,43.65011],[-79.36394,43.64981],[-79.36611,43.64933],[-79.36849,43.64877],[-79.37174,43.64804],[-79.37331,43.64726],[-79.37528,43.64636],[-79.3765,43.64578],[-79.37697,43.64688],[-79.37754,43.64647],[-79.37803,43.64623],[-79.37913,43.64599],[-79.37973,43.64733],[-79.38081,43.64989],[-79.38155,43.6517],[-79.38234,43.65215],[-79.38264,43.65297],[-79.38377,43.65572]]]},"properties":{"ward":10,"name":"Spadina-Fort York"}}
]}